designation,h,b,t,ro,ri
RHS 50x30x2.6,50,30,2.6,,
RHS 50x30x2.9,50,30,2.9,,
RHS 50x30x3.2,50,30,3.2,,
RHS 50x30x3.6,50,30,3.6,,
RHS 50x30x4,50,30,4,,
RHS 50x30x4.5,50,30,4.5,,
RHS 50x30x5,50,30,5,,
RHS 50x30x5.6,50,30,5.6,,
RHS 50x30x6.3,50,30,6.3,,
RHS 50x30x7.1,50,30,7.1,,
RHS 60x40x2.6,60,40,2.6,,
RHS 60x40x2.9,60,40,2.9,,
RHS 60x40x3,60,40,3,,
RHS 60x40x3.2,60,40,3.2,,
RHS 60x40x3.6,60,40,3.6,,
RHS 60x40x4,60,40,4,,
RHS 60x40x4.5,60,40,4.5,,
RHS 60x40x5,60,40,5,,
RHS 60x40x5.6,60,40,5.6,,
RHS 60x40x6.3,60,40,6.3,,
RHS 60x40x7.1,60,40,7.1,,
RHS 60x40x8,60,40,8,,
RHS 70x40x2.9,70,40,2.9,,
RHS 70x40x3.2,70,40,3.2,,
RHS 70x40x3.6,70,40,3.6,,
RHS 70x40x4,70,40,4,,
RHS 70x40x4.5,70,40,4.5,,
RHS 70x40x5,70,40,5,,
RHS 70x40x5.6,70,40,5.6,,
RHS 70x40x6.3,70,40,6.3,,
RHS 70x40x7.1,70,40,7.1,,
RHS 70x40x8,70,40,8,,
RHS 70x40x8.8,70,40,8.8,,
RHS 70x40x10,70,40,10,,
RHS 70x50x2.9,70,50,2.9,,
RHS 70x50x3.2,70,50,3.2,,
RHS 70x50x3.6,70,50,3.6,,
RHS 70x50x4,70,50,4,,
RHS 70x50x4.5,70,50,4.5,,
RHS 70x50x5,70,50,5,,
RHS 70x50x5.6,70,50,5.6,,
RHS 70x50x6.3,70,50,6.3,,
RHS 70x50x7.1,70,50,7.1,,
RHS 70x50x8,70,50,8,,
RHS 70x50x8.8,70,50,8.8,,
RHS 70x50x10,70,50,10,,
RHS 70x50x11,70,50,11,,
RHS 70x50x12.5,70,50,12.5,,
RHS 80x40x2.9,80,40,2.9,,
RHS 80x40x3.2,80,40,3.2,,
RHS 80x40x3.6,80,40,3.6,,
RHS 80x40x4,80,40,4,,
RHS 80x40x4.5,80,40,4.5,,
RHS 80x40x5,80,40,5,,
RHS 80x40x5.6,80,40,5.6,,
RHS 80x40x6.3,80,40,6.3,,
RHS 80x40x7.1,80,40,7.1,,
RHS 80x40x8,80,40,8,,
RHS 80x40x8.8,80,40,8.8,,
RHS 80x40x10,80,40,10,,
RHS 80x50x3.2,80,50,3.2,,
RHS 80x50x3.6,80,50,3.6,,
RHS 80x50x4,80,50,4,,
RHS 80x50x4.5,80,50,4.5,,
RHS 80x50x5,80,50,5,,
RHS 80x50x5.6,80,50,5.6,,
RHS 80x50x6.3,80,50,6.3,,
RHS 80x50x7.1,80,50,7.1,,
RHS 80x50x8,80,50,8,,
RHS 80x50x8.8,80,50,8.8,,
RHS 80x50x10,80,50,10,,
RHS 80x50x11,80,50,11,,
RHS 80x50x12.5,80,50,12.5,,
RHS 80x60x3.2,80,60,3.2,,
RHS 80x60x3.6,80,60,3.6,,
RHS 80x60x4,80,60,4,,
RHS 80x60x4.5,80,60,4.5,,
RHS 80x60x5,80,60,5,,
RHS 80x60x5.6,80,60,5.6,,
RHS 80x60x6.3,80,60,6.3,,
RHS 80x60x7.1,80,60,7.1,,
RHS 80x60x8,80,60,8,,
RHS 80x60x8.8,80,60,8.8,,
RHS 80x60x10,80,60,10,,
RHS 80x60x11,80,60,11,,
RHS 80x60x12.5,80,60,12.5,,
RHS 90x50x3.2,90,50,3.2,,
RHS 90x50x3.6,90,50,3.6,,
RHS 90x50x4,90,50,4,,
RHS 90x50x4.5,90,50,4.5,,
RHS 90x50x5,90,50,5,,
RHS 90x50x5.6,90,50,5.6,,
RHS 90x50x6.3,90,50,6.3,,
RHS 90x50x7.1,90,50,7.1,,
RHS 90x50x8,90,50,8,,
RHS 90x50x8.8,90,50,8.8,,
RHS 90x50x10,90,50,10,,
RHS 90x50x11,90,50,11,,
RHS 90x50x12.5,90,50,12.5,,
RHS 100x50x3,100,50,3,,
RHS 100x50x3.2,100,50,3.2,,
RHS 100x50x3.6,100,50,3.6,,
RHS 100x50x4,100,50,4,,
RHS 100x50x4.5,100,50,4.5,,
RHS 100x50x5,100,50,5,,
RHS 100x50x5.6,100,50,5.6,,
RHS 100x50x6.3,100,50,6.3,,
RHS 100x50x7.1,100,50,7.1,,
RHS 100x50x8,100,50,8,,
RHS 100x50x8.8,100,50,8.8,,
RHS 100x50x10,100,50,10,,
RHS 100x50x11,100,50,11,,
RHS 100x50x12.5,100,50,12.5,,
RHS 100x60x3.2,100,60,3.2,,
RHS 100x60x3.6,100,60,3.6,,
RHS 100x60x4,100,60,4,,
RHS 100x60x4.5,100,60,4.5,,
RHS 100x60x5,100,60,5,,
RHS 100x60x5.6,100,60,5.6,,
RHS 100x60x6.3,100,60,6.3,,
RHS 100x60x7.1,100,60,7.1,,
RHS 100x60x8,100,60,8,,
RHS 100x60x8.8,100,60,8.8,,
RHS 100x60x10,100,60,10,,
RHS 100x60x11,100,60,11,,
RHS 100x60x12.5,100,60,12.5,,
RHS 100x80x3.6,100,80,3.6,,
RHS 100x80x4,100,80,4,,
RHS 100x80x4.5,100,80,4.5,,
RHS 100x80x5,100,80,5,,
RHS 100x80x5.6,100,80,5.6,,
RHS 100x80x6.3,100,80,6.3,,
RHS 100x80x7.1,100,80,7.1,,
RHS 100x80x8,100,80,8,,
RHS 100x80x8.8,100,80,8.8,,
RHS 100x80x10,100,80,10,,
RHS 100x80x11,100,80,11,,
RHS 100x80x12.5,100,80,12.5,,
RHS 110x60x3.6,110,60,3.6,,
RHS 110x60x4,110,60,4,,
RHS 110x60x4.5,110,60,4.5,,
RHS 110x60x5,110,60,5,,
RHS 110x60x5.6,110,60,5.6,,
RHS 110x60x6.3,110,60,6.3,,
RHS 110x60x7.1,110,60,7.1,,
RHS 110x60x8,110,60,8,,
RHS 110x60x8.8,110,60,8.8,,
RHS 110x60x10,110,60,10,,
RHS 110x60x11,110,60,11,,
RHS 110x60x12.5,110,60,12.5,,
RHS 120x60x3.6,120,60,3.6,,
RHS 120x60x4,120,60,4,,
RHS 120x60x4.5,120,60,4.5,,
RHS 120x60x5,120,60,5,,
RHS 120x60x5.6,120,60,5.6,,
RHS 120x60x6.3,120,60,6.3,,
RHS 120x60x7.1,120,60,7.1,,
RHS 120x60x8,120,60,8,,
RHS 120x60x8.8,120,60,8.8,,
RHS 120x60x10,120,60,10,,
RHS 120x60x11,120,60,11,,
RHS 120x60x12.5,120,60,12.5,,
RHS 120x80x3.6,120,80,3.6,,
RHS 120x80x4,120,80,4,,
RHS 120x80x4.5,120,80,4.5,,
RHS 120x80x5,120,80,5,,
RHS 120x80x5.6,120,80,5.6,,
RHS 120x80x6.3,120,80,6.3,,
RHS 120x80x7.1,120,80,7.1,,
RHS 120x80x8,120,80,8,,
RHS 120x80x8.8,120,80,8.8,,
RHS 120x80x10,120,80,10,,
RHS 120x80x11,120,80,11,,
RHS 120x80x12.5,120,80,12.5,,
RHS 120x80x14.2,120,80,14.2,,
RHS 140x70x4,140,70,4,,
RHS 140x70x4.5,140,70,4.5,,
RHS 140x70x5,140,70,5,,
RHS 140x70x5.6,140,70,5.6,,
RHS 140x70x6.3,140,70,6.3,,
RHS 140x70x7.1,140,70,7.1,,
RHS 140x70x8,140,70,8,,
RHS 140x70x8.8,140,70,8.8,,
RHS 140x70x10,140,70,10,,
RHS 140x70x11,140,70,11,,
RHS 140x70x12.5,140,70,12.5,,
RHS 140x70x14.2,140,70,14.2,,
RHS 140x80x4,140,80,4,,
RHS 140x80x4.5,140,80,4.5,,
RHS 140x80x5,140,80,5,,
RHS 140x80x5.6,140,80,5.6,,
RHS 140x80x6.3,140,80,6.3,,
RHS 140x80x7.1,140,80,7.1,,
RHS 140x80x8,140,80,8,,
RHS 140x80x8.8,140,80,8.8,,
RHS 140x80x10,140,80,10,,
RHS 140x80x11,140,80,11,,
RHS 140x80x12.5,140,80,12.5,,
RHS 140x80x14.2,140,80,14.2,,
RHS 150x50x4,150,50,4,,
RHS 150x50x4.5,150,50,4.5,,
RHS 150x50x5,150,50,5,,
RHS 150x50x5.6,150,50,5.6,,
RHS 150x50x6.3,150,50,6.3,,
RHS 150x50x7.1,150,50,7.1,,
RHS 150x50x8,150,50,8,,
RHS 150x50x8.8,150,50,8.8,,
RHS 150x50x10,150,50,10,,
RHS 150x100x4,150,100,4,,
RHS 150x100x4.5,150,100,4.5,,
RHS 150x100x5,150,100,5,,
RHS 150x100x5.6,150,100,5.6,,
RHS 150x100x6.3,150,100,6.3,,
RHS 150x100x7.1,150,100,7.1,,
RHS 150x100x8,150,100,8,,
RHS 150x100x8.8,150,100,8.8,,
RHS 150x100x10,150,100,10,,
RHS 150x100x12,150,100,12,,
RHS 150x100x12.5,150,100,12.5,,
RHS 150x100x14.2,150,100,14.2,,
RHS 150x100x16,150,100,16,,
RHS 160x80x4,160,80,4,,
RHS 160x80x4.5,160,80,4.5,,
RHS 160x80x5,160,80,5,,
RHS 160x80x5.6,160,80,5.6,,
RHS 160x80x6.3,160,80,6.3,,
RHS 160x80x7.1,160,80,7.1,,
RHS 160x80x8,160,80,8,,
RHS 160x80x8.8,160,80,8.8,,
RHS 160x80x10,160,80,10,,
RHS 160x80x11,160,80,11,,
RHS 160x80x12,160,80,12,,
RHS 160x80x12.5,160,80,12.5,,
RHS 160x80x14.2,160,80,14.2,,
RHS 160x80x16,160,80,16,,
RHS 160x90x4.5,160,90,4.5,,
RHS 160x90x5,160,90,5,,
RHS 160x90x5.6,160,90,5.6,,
RHS 160x90x6.3,160,90,6.3,,
RHS 160x90x7.1,160,90,7.1,,
RHS 160x90x8,160,90,8,,
RHS 160x90x8.8,160,90,8.8,,
RHS 160x90x10,160,90,10,,
RHS 160x90x11,160,90,11,,
RHS 160x90x12.5,160,90,12.5,,
RHS 160x90x14.2,160,90,14.2,,
RHS 160x90x16,160,90,16,,
RHS 180x60x4.5,180,60,4.5,,
RHS 180x60x5,180,60,5,,
RHS 180x60x5.6,180,60,5.6,,
RHS 180x60x6.3,180,60,6.3,,
RHS 180x60x7.1,180,60,7.1,,
RHS 180x80x4.5,180,80,4.5,,
RHS 180x80x5,180,80,5,,
RHS 180x80x5.6,180,80,5.6,,
RHS 180x80x6.3,180,80,6.3,,
RHS 180x80x7.1,180,80,7.1,,
RHS 180x80x8,180,80,8,,
RHS 180x80x8.8,180,80,8.8,,
RHS 180x80x10,180,80,10,,
RHS 180x80x11,180,80,11,,
RHS 180x80x12.5,180,80,12.5,,
RHS 180x100x4,180,100,4,,
RHS 180x100x5,180,100,5,,
RHS 180x100x5.6,180,100,5.6,,
RHS 180x100x6.3,180,100,6.3,,
RHS 180x100x7.1,180,100,7.1,,
RHS 180x100x8,180,100,8,,
RHS 180x100x8.8,180,100,8.8,,
RHS 180x100x10,180,100,10,,
RHS 180x100x11,180,100,11,,
RHS 180x100x12.5,180,100,12.5,,
RHS 180x100x14.2,180,100,14.2,,
RHS 180x100x16,180,100,16,,
RHS 180x100x17.5,180,100,17.5,,
RHS 200x100x4,200,100,4,,
RHS 200x100x5,200,100,5,,
RHS 200x100x6.3,200,100,6.3,,
RHS 200x100x7.1,200,100,7.1,,
RHS 200x100x8,200,100,8,,
RHS 200x100x8.8,200,100,8.8,,
RHS 200x100x10,200,100,10,,
RHS 200x100x11,200,100,11,,
RHS 200x100x12.5,200,100,12.5,,
RHS 200x100x14.2,200,100,14.2,,
RHS 200x100x16,200,100,16,,
RHS 200x100x17.5,200,100,17.5,,
RHS 200x120x5,200,120,5,,
RHS 200x120x6.3,200,120,6.3,,
RHS 200x120x7.1,200,120,7.1,,
RHS 200x120x8,200,120,8,,
RHS 200x120x8.8,200,120,8.8,,
RHS 200x120x10,200,120,10,,
RHS 200x120x11,200,120,11,,
RHS 200x120x12.5,200,120,12.5,,
RHS 200x120x14.2,200,120,14.2,,
RHS 200x120x16,200,120,16,,
RHS 200x120x17.5,200,120,17.5,,
RHS 200x150x5,200,150,5,,
RHS 200x150x6.3,200,150,6.3,,
RHS 200x150x7.1,200,150,7.1,,
RHS 200x150x8,200,150,8,,
RHS 200x150x8.8,200,150,8.8,,
RHS 200x150x10,200,150,10,,
RHS 200x150x11,200,150,11,,
RHS 200x150x12.5,200,150,12.5,,
RHS 200x150x14.2,200,150,14.2,,
RHS 200x150x16,200,150,16,,
RHS 220x120x6.3,220,120,6.3,,
RHS 220x120x7.1,220,120,7.1,,
RHS 220x120x8,220,120,8,,
RHS 220x120x8.8,220,120,8.8,,
RHS 220x120x10,220,120,10,,
RHS 220x120x11,220,120,11,,
RHS 220x120x12.5,220,120,12.5,,
RHS 220x120x14.2,220,120,14.2,,
RHS 220x120x16,220,120,16,,
RHS 220x120x17.5,220,120,17.5,,
RHS 250x100x5,250,100,5,,
RHS 250x100x6.3,250,100,6.3,,
RHS 250x100x7.1,250,100,7.1,,
RHS 250x100x8,250,100,8,,
RHS 250x100x8.8,250,100,8.8,,
RHS 250x100x10,250,100,10,,
RHS 250x100x11,250,100,11,,
RHS 250x100x12.5,250,100,12.5,,
RHS 250x100x14.2,250,100,14.2,,
RHS 250x100x16,250,100,16,,
RHS 250x150x5,250,150,5,,
RHS 250x150x6.3,250,150,6.3,,
RHS 250x150x7.1,250,150,7.1,,
RHS 250x150x8,250,150,8,,
RHS 250x150x8.8,250,150,8.8,,
RHS 250x150x10,250,150,10,,
RHS 250x150x11,250,150,11,,
RHS 250x150x12.5,250,150,12.5,,
RHS 250x150x14.2,250,150,14.2,,
RHS 250x150x16,250,150,16,,
RHS 260x140x6.3,260,140,6.3,,
RHS 260x140x7.1,260,140,7.1,,
RHS 260x140x8,260,140,8,,
RHS 260x140x8.8,260,140,8.8,,
RHS 260x140x10,260,140,10,,
RHS 260x140x11,260,140,11,,
RHS 260x140x12.5,260,140,12.5,,
RHS 260x140x14.2,260,140,14.2,,
RHS 260x140x16,260,140,16,,
RHS 260x180x6.3,260,180,6.3,,
RHS 260x180x7.1,260,180,7.1,,
RHS 260x180x8,260,180,8,,
RHS 260x180x10,260,180,10,,
RHS 260x180x11,260,180,11,,
RHS 260x180x12.5,260,180,12.5,,
RHS 260x180x14.2,260,180,14.2,,
RHS 260x180x16,260,180,16,,
RHS 280x250x6.3,280,250,6.3,,
RHS 280x250x7.1,280,250,7.1,,
RHS 280x250x8,280,250,8,,
RHS 280x250x8.8,280,250,8.8,,
RHS 280x250x10,280,250,10,,
RHS 280x250x11,280,250,11,,
RHS 280x250x12.5,280,250,12.5,,
RHS 280x250x14.2,280,250,14.2,,
RHS 280x250x16,280,250,16,,
RHS 300x100x6.3,300,100,6.3,,
RHS 300x100x7.1,300,100,7.1,,
RHS 300x100x8,300,100,8,,
RHS 300x100x8.8,300,100,8.8,,
RHS 300x100x10,300,100,10,,
RHS 300x100x11,300,100,11,,
RHS 300x100x12.5,300,100,12.5,,
RHS 300x100x14.2,300,100,14.2,,
RHS 300x100x16,300,100,16,,
RHS 300x150x7.1,300,150,7.1,,
RHS 300x150x8,300,150,8,,
RHS 300x150x8.8,300,150,8.8,,
RHS 300x150x10,300,150,10,,
RHS 300x150x11,300,150,11,,
RHS 300x150x12.5,300,150,12.5,,
RHS 300x150x14.2,300,150,14.2,,
RHS 300x150x16,300,150,16,,
RHS 300x150x17.5,300,150,17.5,,
RHS 300x200x6.3,300,200,6.3,,
RHS 300x200x7.1,300,200,7.1,,
RHS 300x200x8,300,200,8,,
RHS 300x200x8.8,300,200,8.8,,
RHS 300x200x10,300,200,10,,
RHS 300x200x11,300,200,11,,
RHS 300x200x12.5,300,200,12.5,,
RHS 300x200x14.2,300,200,14.2,,
RHS 300x200x16,300,200,16,,
RHS 300x200x17.5,300,200,17.5,,
RHS 300x250x6.3,300,250,6.3,,
RHS 300x250x7.1,300,250,7.1,,
RHS 300x250x8,300,250,8,,
RHS 300x250x8.8,300,250,8.8,,
RHS 300x250x10,300,250,10,,
RHS 300x250x12.5,300,250,12.5,,
RHS 300x250x14.2,300,250,14.2,,
RHS 300x250x16,300,250,16,,
RHS 350x150x6.3,350,150,6.3,,
RHS 350x150x7.1,350,150,7.1,,
RHS 350x150x8,350,150,8,,
RHS 350x150x8.8,350,150,8.8,,
RHS 350x150x10,350,150,10,,
RHS 350x150x12.5,350,150,12.5,,
RHS 350x150x14.2,350,150,14.2,,
RHS 350x150x16,350,150,16,,
RHS 350x250x6.3,350,250,6.3,,
RHS 350x250x7.1,350,250,7.1,,
RHS 350x250x8,350,250,8,,
RHS 350x250x8.8,350,250,8.8,,
RHS 350x250x10,350,250,10,,
RHS 350x250x11,350,250,11,,
RHS 350x250x12.5,350,250,12.5,,
RHS 350x250x14.2,350,250,14.2,,
RHS 350x250x16,350,250,16,,
RHS 350x300x6.3,350,300,6.3,,
RHS 350x300x7.1,350,300,7.1,,
RHS 350x300x8,350,300,8,,
RHS 350x300x8.8,350,300,8.8,,
RHS 350x300x10,350,300,10,,
RHS 350x300x11,350,300,11,,
RHS 350x300x12.5,350,300,12.5,,
RHS 350x300x14.2,350,300,14.2,,
RHS 350x300x16,350,300,16,,
RHS 400x120x6.3,400,120,6.3,,
RHS 400x120x7.1,400,120,7.1,,
RHS 400x120x8,400,120,8,,
RHS 400x120x8.8,400,120,8.8,,
RHS 400x120x10,400,120,10,,
RHS 400x120x12.5,400,120,12.5,,
RHS 400x120x14.2,400,120,14.2,,
RHS 400x120x16,400,120,16,,
RHS 400x150x6.3,400,150,6.3,,
RHS 400x150x7.1,400,150,7.1,,
RHS 400x150x8,400,150,8,,
RHS 400x150x8.8,400,150,8.8,,
RHS 400x150x10,400,150,10,,
RHS 400x150x12.5,400,150,12.5,,
RHS 400x150x14.2,400,150,14.2,,
RHS 400x150x16,400,150,16,,
RHS 400x200x6.3,400,200,6.3,,
RHS 400x200x7.1,400,200,7.1,,
RHS 400x200x8,400,200,8,,
RHS 400x200x8.8,400,200,8.8,,
RHS 400x200x10,400,200,10,,
RHS 400x200x11,400,200,11,,
RHS 400x200x12.5,400,200,12.5,,
RHS 400x200x14.2,400,200,14.2,,
RHS 400x200x16,400,200,16,,
RHS 400x300x6.3,400,300,6.3,,
RHS 400x300x7.1,400,300,7.1,,
RHS 400x300x8,400,300,8,,
RHS 400x300x8.8,400,300,8.8,,
RHS 400x300x10,400,300,10,,
RHS 400x300x12.5,400,300,12.5,,
RHS 400x300x14.2,400,300,14.2,,
RHS 400x300x16,400,300,16,,
RHS 440x350x6.3,440,350,6.3,,
RHS 440x350x7.1,440,350,7.1,,
RHS 440x350x8,440,350,8,,
RHS 440x350x8.8,440,350,8.8,,
RHS 440x350x10,440,350,10,,
RHS 440x350x11,440,350,11,,
RHS 440x350x12.5,440,350,12.5,,
RHS 440x350x14.2,440,350,14.2,,
RHS 440x350x16,440,350,16,,
RHS 450x250x6.3,450,250,6.3,,
RHS 450x250x7.1,450,250,7.1,,
RHS 450x250x8,450,250,8,,
RHS 450x250x8.8,450,250,8.8,,
RHS 450x250x10,450,250,10,,
RHS 450x250x11,450,250,11,,
RHS 450x250x12.5,450,250,12.5,,
RHS 450x250x14.2,450,250,14.2,,
RHS 450x250x16,450,250,16,,
RHS 500x200x6.3,500,200,6.3,,
RHS 500x200x7.1,500,200,7.1,,
RHS 500x200x8,500,200,8,,
RHS 500x200x8.8,500,200,8.8,,
RHS 500x200x10,500,200,10,,
RHS 500x200x11,500,200,11,,
RHS 500x200x12.5,500,200,12.5,,
RHS 500x200x14.2,500,200,14.2,,
RHS 500x200x16,500,200,16,,
RHS 500x300x6.3,500,300,6.3,,
RHS 500x300x7.1,500,300,7.1,,
RHS 500x300x8,500,300,8,,
RHS 500x300x8.8,500,300,8.8,,
RHS 500x300x10,500,300,10,,
RHS 500x300x11,500,300,11,,
RHS 500x300x12.5,500,300,12.5,,
RHS 500x300x14.2,500,300,14.2,,
RHS 500x300x16,500,300,16,,
RHS 500x300x20,500,300,20,,
