designation,b,t,r1,r2
L 40x40x4,40,4,6,3
L 40x40x5,40,5,6,3
L 45x45x5,45,5,7,3.5
L 50x50x5,50,5,7,3.5
L 50x50x6,50,6,7,3.5
L 50x50x8,50,8,7,3.5
L 55x55x6,55,6,8,4
L 60x60x6,60,6,8,4
L 60x60x8,60,8,8,4
L 60x60x10,60,10,8,4
L 65x65x7,65,7,9,4.5
L 70x70x7,70,7,9,4.5
L 70x70x9,70,9,9,4.5
L 75x75x8,75,8,9,4.5
L 80x80x8,80,8,10,5
L 80x80x10,80,10,10,5
L 80x80x12,80,12,10,5
L 90x90x9,90,9,11,5.5
L 100x100x10,100,10,12,6
L 100x100x12,100,12,12,6
L 100x100x14,100,14,12,6
L 110x110x10,110,10,13,6.5
L 120x120x10,120,10,13,6.5
L 120x120x12,120,12,13,6.5
L 120x120x15,120,15,13,6.5
L 130x130x12,130,12,14,7
L 140x140x13,140,13,15,7.5
L 140x140x15,140,15,15,7.5
L 150x150x14,150,14,16,8
L 150x150x16,150,16,16,8
L 160x160x15,160,15,17,8.5
L 160x160x17,160,17,17,8.5
L 160x160x20,160,20,17,8.5
L 180x180x16,180,16,18,9
L 180x180x18,180,18,18,9
L 180x180x20,180,20,18,9
L 200x200x16,200,16,18,9
L 200x200x18,200,18,18,9
L 200x200x20,200,20,18,9
L 200x200x22,200,22,18,9
L 200x200x24,200,24,18,9
L 200x200x26,200,26,18,9
