designation,h,b,t,r1,r2
L 50x30x4,50,30,4,5,2.5
L 50x30x5,50,30,5,5,2.5
L 60x30x5,60,30,5,5,2.5
L 60x30x7,60,30,7,5,2.5
L 60x40x5,60,40,5,6,3
L 60x40x6,60,40,6,6,3
L 60x40x7,60,40,7,6,3
L 70x50x6,70,50,6,7,3.5
L 75x50x6,75,50,6,7,3.5
L 75x50x7,75,50,7,7,3.5
L 80x40x6,80,40,6,7,3.5
L 80x40x8,80,40,8,7,3.5
L 90x60x6,90,60,6,7,3.5
L 90x60x8,90,60,8,7,3.5
L 100x50x6,100,50,6,8,4
L 100x50x8,100,50,8,8,4
L 100x50x10,100,50,10,8,4
L 100x65x7,100,65,7,10,5
L 100x65x9,100,65,9,10,5
L 100x65x11,100,65,11,10,5
L 100x75x9,100,75,9,10,5
L 120x80x8,120,80,8,11,5.5
L 120x80x10,120,80,10,11,5.5
L 120x80x12,120,80,12,11,5.5
L 130x65x8,130,65,8,11,5.5
L 130x65x10,130,65,10,11,5.5
L 130x65x12,130,65,12,11,5.5
L 150x75x9,150,75,9,12,6
L 150x75x11,150,75,11,10.5,5.5
L 150x100x10,150,100,10,12,6
L 150x100x12,150,100,12,12,6
L 150x100x14,150,100,14,12,6
L 160x80x10,160,80,10,13,6.5
L 160x80x12,160,80,12,13,6.5
L 160x80x14,160,80,14,13,6.5
L 200x100x10,200,100,10,15,7.5
L 200x100x12,200,100,12,15,7.5
L 200x100x14,200,100,14,15,7.5
L 200x100x16,200,100,16,15,7.5
