designation,b,t
FLAT 160x5,160,5
FLAT 160x6,160,6
FLAT 160x8,160,8
FLAT 160x10,160,10
FLAT 160x12,160,12
FLAT 160x15,160,15
FLAT 160x20,160,20
FLAT 160x25,160,25
FLAT 160x30,160,30
FLAT 165x5,165,5
FLAT 165x6,165,6
FLAT 165x8,165,8
FLAT 165x10,165,10
FLAT 165x12,165,12
FLAT 165x15,165,15
FLAT 165x20,165,20
FLAT 165x25,165,25
FLAT 165x30,165,30
FLAT 170x5,170,5
FLAT 170x6,170,6
FLAT 170x8,170,8
FLAT 170x10,170,10
FLAT 170x12,170,12
FLAT 170x15,170,15
FLAT 170x20,170,20
FLAT 180x5,180,5
FLAT 180x6,180,6
FLAT 180x8,180,8
FLAT 180x10,180,10
FLAT 180x12,180,12
FLAT 180x15,180,15
FLAT 180x20,180,20
FLAT 180x25,180,25
FLAT 180x30,180,30
FLAT 180x40,180,40
FLAT 180x50,180,50
FLAT 200x5,200,5
FLAT 200x6,200,6
FLAT 200x8,200,8
FLAT 200x10,200,10
FLAT 200x12,200,12
FLAT 200x15,200,15
FLAT 200x20,200,20
FLAT 200x25,200,25
FLAT 200x30,200,30
FLAT 200x40,200,40
FLAT 200x50,200,50
FLAT 220x6,220,6
FLAT 220x8,220,8
FLAT 220x10,220,10
FLAT 220x12,220,12
FLAT 220x15,220,15
FLAT 220x20,220,20
FLAT 220x25,220,25
FLAT 220x30,220,30
FLAT 230x6,230,6
FLAT 230x8,230,8
FLAT 230x10,230,10
FLAT 230x12,230,12
FLAT 230x15,230,15
FLAT 230x20,230,20
FLAT 230x25,230,25
