designation,D_mm,t_mm,mass_kg_m,A_cm2,ys_cm,zs_cm,Iy_cm4,Wel_y_cm3,Wel_y_bottom_cm3,Wel_y_top_cm3,Wpl_y_cm3,i_y_cm,Iz_cm4,Wel_z_cm3,Wel_z_left_cm3,Wel_z_right_cm3,Wpl_z_cm3,i_z_cm,Iyz_cm4,Iu_cm4,Iv_cm4,alpha_deg,tan_alpha,i_u_cm,i_v_cm,It_cm4,Wt_cm3,Iw_cm6,ym_cm,surface_m2_m
CHS 21.3x1.5,21.3,1.5,0.732447,0.933053,1.065,1.065,0.459867,0.4318,0.4318,0.4318,0.589185,0.702042,0.459867,0.4318,0.4318,0.4318,0.589185,0.702042,0,0.459867,0.459867,0,0,0.702042,0.702042,0.919734,0.8636,unsupported,unsupported,0.0669159
CHS 21.3x2,21.3,2,0.951934,1.21265,1.065,1.065,0.57069,0.53586,0.53586,0.53586,0.747647,0.686012,0.57069,0.53586,0.53586,0.53586,0.747647,0.686012,0,0.57069,0.57069,0,0,0.686012,0.686012,1.14138,1.07172,unsupported,unsupported,0.0669159
CHS 21.3x2.3,21.3,2.3,1.07771,1.37288,1.065,1.065,0.628588,0.590224,0.590224,0.590224,0.834356,0.676655,0.628588,0.590224,0.590224,0.590224,0.834356,0.676655,0,0.628588,0.628588,0,0,0.676655,0.676655,1.25718,1.18045,unsupported,unsupported,0.0669159
CHS 21.3x2.5,21.3,2.5,1.15909,1.47655,1.065,1.065,0.663875,0.623357,0.623357,0.623357,0.888808,0.670532,0.663875,0.623357,0.623357,0.623357,0.888808,0.670532,0,0.663875,0.663875,0,0,0.670532,0.670532,1.32775,1.24671,unsupported,unsupported,0.0669159
CHS 21.3x2.9,21.3,2.9,1.31594,1.67635,1.065,1.065,0.727056,0.682681,0.682681,0.682681,0.989954,0.658569,0.727056,0.682681,0.682681,0.682681,0.989954,0.658569,0,0.727056,0.727056,0,0,0.658569,0.658569,1.45411,1.36536,unsupported,unsupported,0.0669159
CHS 21.3x3,21.3,3,1.35392,1.72473,1.065,1.065,0.741399,0.696149,0.696149,0.696149,1.01367,0.655639,0.741399,0.696149,0.696149,0.696149,1.01367,0.655639,0,0.741399,0.741399,0,0,0.655639,0.655639,1.4828,1.3923,unsupported,unsupported,0.0669159
CHS 26.9x1.5,26.9,1.5,0.939603,1.19695,1.345,1.345,0.968644,0.720182,0.720182,0.720182,0.968865,0.89959,0.968644,0.720182,0.720182,0.720182,0.968865,0.89959,0,0.968644,0.968644,0,0,0.89959,0.89959,1.93729,1.44036,unsupported,unsupported,0.0845088
CHS 26.9x2,26.9,2,1.22814,1.56451,1.345,1.345,1.22034,0.907316,0.907316,0.907316,1.24269,0.883183,1.22034,0.907316,0.907316,0.907316,1.24269,0.883183,0,1.22034,1.22034,0,0,0.883183,0.883183,2.44068,1.81463,unsupported,unsupported,0.0845088
CHS 26.9x2.3,26.9,2.3,1.39535,1.77751,1.345,1.345,1.35635,1.00844,1.00844,1.00844,1.39592,0.873534,1.35635,1.00844,1.00844,1.00844,1.39592,0.873534,0,1.35635,1.35635,0,0,0.873534,0.873534,2.71271,2.01688,unsupported,unsupported,0.0845088
CHS 26.9x2.5,26.9,2.5,1.50435,1.91637,1.345,1.345,1.44114,1.07148,1.07148,1.07148,1.49361,0.867187,1.44114,1.07148,1.07148,1.07148,1.49361,0.867187,0,1.44114,1.44114,0,0,0.867187,0.867187,2.88227,2.14295,unsupported,unsupported,0.0845088
CHS 26.9x2.6,26.9,2.6,1.55811,1.98486,1.345,1.345,1.48182,1.10173,1.10173,1.10173,1.54113,0.864038,1.48182,1.10173,1.10173,1.10173,1.54113,0.864038,0,1.48182,1.48182,0,0,0.864038,0.864038,2.96364,2.20345,unsupported,unsupported,0.0845088
CHS 26.9x2.9,26.9,2.9,1.71644,2.18655,1.345,1.345,1.5973,1.18758,1.18758,1.18758,1.67853,0.8547,1.5973,1.18758,1.18758,1.18758,1.67853,0.8547,0,1.5973,1.5973,0,0,0.8547,0.8547,3.1946,2.37517,unsupported,unsupported,0.0845088
CHS 26.9x3,26.9,3,1.76823,2.25252,1.345,1.345,1.63367,1.21462,1.21462,1.21462,1.72263,0.851623,1.63367,1.21462,1.21462,1.21462,1.72263,0.851623,0,1.63367,1.63367,0,0,0.851623,0.851623,3.26734,2.42925,unsupported,unsupported,0.0845088
CHS 33.7x1.5,33.7,1.5,1.19115,1.51739,1.685,1.685,1.97088,1.16966,1.16966,1.16966,1.55639,1.13968,1.97088,1.16966,1.16966,1.16966,1.55639,1.13968,0,1.97088,1.97088,0,0,1.13968,1.13968,3.94176,2.33932,unsupported,unsupported,0.105872
CHS 33.7x2,33.7,2,1.56354,1.99177,1.685,1.685,2.51185,1.49071,1.49071,1.49071,2.01245,1.12299,2.51185,1.49071,1.49071,1.49071,2.01245,1.12299,0,2.51185,2.51185,0,0,1.12299,1.12299,5.02369,2.98142,unsupported,unsupported,0.105872
CHS 33.7x2.3,33.7,2.3,1.78105,2.26886,1.685,1.685,2.81126,1.6684,1.6684,1.6684,2.27176,1.11313,2.81126,1.6684,1.6684,1.6684,2.27176,1.11313,0,2.81126,2.81126,0,0,1.11313,1.11313,5.62251,3.3368,unsupported,unsupported,0.105872
CHS 33.7x2.5,33.7,2.5,1.9236,2.45044,1.685,1.685,3.00084,1.78092,1.78092,1.78092,2.43881,1.10662,3.00084,1.78092,1.78092,1.78092,2.43881,1.10662,0,3.00084,3.00084,0,0,1.10662,1.10662,6.00168,3.56183,unsupported,unsupported,0.105872
CHS 33.7x2.9,33.7,2.9,2.20277,2.80607,1.685,1.685,3.35694,1.99225,1.99225,1.99225,2.75919,1.09376,3.35694,1.99225,1.99225,1.99225,2.75919,1.09376,0,3.35694,3.35694,0,0,1.09376,1.09376,6.71387,3.9845,unsupported,unsupported,0.105872
CHS 33.7x3,33.7,3,2.27132,2.89341,1.685,1.685,3.44131,2.04232,2.04232,2.04232,2.83647,1.09058,3.44131,2.04232,2.04232,2.04232,2.83647,1.09058,0,3.44131,3.44131,0,0,1.09058,1.09058,6.88262,4.08464,unsupported,unsupported,0.105872
CHS 33.7x3.2,33.7,3.2,2.40696,3.06619,1.685,1.685,3.60466,2.13926,2.13926,2.13926,2.98772,1.08426,3.60466,2.13926,2.13926,2.13926,2.98772,1.08426,0,3.60466,3.60466,0,0,1.08426,1.08426,7.20931,4.27852,unsupported,unsupported,0.105872
CHS 33.7x3.6,33.7,3.6,2.67232,3.40423,1.685,1.685,3.91048,2.32076,2.32076,2.32076,3.27719,1.07178,3.91048,2.32076,2.32076,2.32076,3.27719,1.07178,0,3.91048,3.91048,0,0,1.07178,1.07178,7.82096,4.64152,unsupported,unsupported,0.105872
CHS 33.7x4,33.7,4,2.92979,3.73221,1.685,1.685,4.18983,2.48654,2.48654,2.48654,3.54969,1.05953,4.18983,2.48654,2.48654,2.48654,3.54969,1.05953,0,4.18983,4.18983,0,0,1.05953,1.05953,8.37966,4.97309,unsupported,unsupported,0.105872
CHS 42.4x1.5,42.4,1.5,1.51298,1.92737,2.12,2.12,4.03557,1.90357,1.90357,1.90357,2.51034,1.44701,4.03557,1.90357,1.90357,1.90357,2.51034,1.44701,0,4.03557,4.03557,0,0,1.44701,1.44701,8.07114,3.80714,unsupported,unsupported,0.133204
CHS 42.4x2,42.4,2,1.99265,2.53841,2.12,2.12,5.19155,2.44884,2.44884,2.44884,3.26699,1.4301,5.19155,2.44884,2.44884,2.44884,3.26699,1.4301,0,5.19155,5.19155,0,0,1.4301,1.4301,10.3831,4.89769,unsupported,unsupported,0.133204
CHS 42.4x2.3,42.4,2.3,2.27453,2.89749,2.12,2.12,5.84315,2.7562,2.7562,2.7562,3.70248,1.42008,5.84315,2.7562,2.7562,2.7562,3.70248,1.42008,0,5.84315,5.84315,0,0,1.42008,1.42008,11.6863,5.51241,unsupported,unsupported,0.133204
CHS 42.4x2.5,42.4,2.5,2.45998,3.13374,2.12,2.12,6.26066,2.95314,2.95314,2.95314,3.98523,1.41344,6.26066,2.95314,2.95314,2.95314,3.98523,1.41344,0,6.26066,6.26066,0,0,1.41344,1.41344,12.5213,5.90628,unsupported,unsupported,0.133204
CHS 42.4x2.6,42.4,2.6,2.55197,3.25092,2.12,2.12,6.46445,3.04927,3.04927,3.04927,4.12436,1.41014,6.46445,3.04927,3.04927,3.04927,4.12436,1.41014,0,6.46445,6.46445,0,0,1.41014,1.41014,12.9289,6.09854,unsupported,unsupported,0.133204
CHS 42.4x2.9,42.4,2.9,2.82498,3.59869,2.12,2.12,7.05641,3.3285,3.3285,3.3285,4.53285,1.40029,7.05641,3.3285,3.3285,3.3285,4.53285,1.40029,0,7.05641,7.05641,0,0,1.40029,1.40029,14.1128,6.65699,unsupported,unsupported,0.133204
CHS 42.4x3,42.4,3,2.91499,3.71336,2.12,2.12,7.24737,3.41857,3.41857,3.41857,4.66608,1.39703,7.24737,3.41857,3.41857,3.41857,4.66608,1.39703,0,7.24737,7.24737,0,0,1.39703,1.39703,14.4947,6.83714,unsupported,unsupported,0.133204
CHS 42.4x3.2,42.4,3.2,3.09354,3.94081,2.12,2.12,7.61996,3.59432,3.59432,3.59432,4.92817,1.39054,7.61996,3.59432,3.59432,3.59432,4.92817,1.39054,0,7.61996,7.61996,0,0,1.39054,1.39054,15.2399,7.18864,unsupported,unsupported,0.133204
CHS 42.4x3.25,42.4,3.25,3.13787,3.99728,2.12,2.12,7.71119,3.63735,3.63735,3.63735,4.99279,1.38892,7.71119,3.63735,3.63735,3.63735,4.99279,1.38892,0,7.71119,7.71119,0,0,1.38892,1.38892,15.4224,7.2747,unsupported,unsupported,0.133204
CHS 42.4x3.6,42.4,3.6,3.44472,4.38818,2.12,2.12,8.32876,3.92866,3.92866,3.92866,5.43514,1.37768,8.32876,3.92866,3.92866,3.92866,5.43514,1.37768,0,8.32876,8.32876,0,0,1.37768,1.37768,16.6575,7.85732,unsupported,unsupported,0.133204
CHS 42.4x4,42.4,4,3.78801,4.82549,2.12,2.12,8.99085,4.24097,4.24097,4.24097,5.91957,1.36499,8.99085,4.24097,4.24097,4.24097,5.91957,1.36499,0,8.99085,8.99085,0,0,1.36499,1.36499,17.9817,8.48193,unsupported,unsupported,0.133204
CHS 42.4x5,42.4,5,4.6117,5.87478,2.12,2.12,10.4553,4.93177,4.93177,4.93177,7.03547,1.33405,10.4553,4.93177,4.93177,4.93177,7.03547,1.33405,0,10.4553,10.4553,0,0,1.33405,1.33405,20.9107,9.86353,unsupported,unsupported,0.133204
CHS 42.4x6,42.4,6,5.38607,6.86124,2.12,2.12,11.6723,5.50582,5.50582,5.50582,8.02176,1.3043,11.6723,5.50582,5.50582,5.50582,8.02176,1.3043,0,11.6723,11.6723,0,0,1.3043,1.3043,23.3447,11.0116,unsupported,unsupported,0.133204
CHS 42.4x6.3,42.4,6.3,5.60877,7.14492,2.12,2.12,11.9936,5.65738,5.65738,5.65738,8.29357,1.29562,11.9936,5.65738,5.65738,5.65738,8.29357,1.29562,0,11.9936,11.9936,0,0,1.29562,1.29562,23.9873,11.3148,unsupported,unsupported,0.133204
CHS 48.3x1.5,48.3,1.5,1.73124,2.2054,2.415,2.415,6.04414,2.50275,2.50275,2.50275,3.28649,1.65548,6.04414,2.50275,2.50275,2.50275,3.28649,1.65548,0,6.04414,6.04414,0,0,1.65548,1.65548,12.0883,5.0055,unsupported,unsupported,0.151739
CHS 48.3x2,48.3,2,2.28366,2.90911,2.415,2.415,7.80985,3.23389,3.23389,3.23389,4.29005,1.63848,7.80985,3.23389,3.23389,3.23389,4.29005,1.63848,0,7.80985,7.80985,0,0,1.63848,1.63848,15.6197,6.46778,unsupported,unsupported,0.151739
CHS 48.3x2.3,48.3,2.3,2.60919,3.32381,2.415,2.415,8.81344,3.64946,3.64946,3.64946,4.87086,1.62838,8.81344,3.64946,3.64946,3.64946,4.87086,1.62838,0,8.81344,8.81344,0,0,1.62838,1.62838,17.6269,7.29892,unsupported,unsupported,0.151739
CHS 48.3x2.5,48.3,2.5,2.82374,3.59712,2.415,2.415,9.45994,3.91716,3.91716,3.91716,5.24931,1.62169,9.45994,3.91716,3.91716,3.91716,5.24931,1.62169,0,9.45994,9.45994,0,0,1.62169,1.62169,18.9199,7.83432,unsupported,unsupported,0.151739
CHS 48.3x2.9,48.3,2.9,3.24693,4.13622,2.415,2.415,10.7002,4.43074,4.43074,4.43074,5.98549,1.6084,10.7002,4.43074,4.43074,4.43074,5.98549,1.6084,0,10.7002,10.7002,0,0,1.6084,1.6084,21.4005,8.86149,unsupported,unsupported,0.151739
CHS 48.3x3,48.3,3,3.3515,4.26942,2.415,2.415,10.9996,4.55469,4.55469,4.55469,6.16527,1.60511,10.9996,4.55469,4.55469,4.55469,6.16527,1.60511,0,10.9996,10.9996,0,0,1.60511,1.60511,21.9992,9.10939,unsupported,unsupported,0.151739
CHS 48.3x3.2,48.3,3.2,3.55915,4.53395,2.415,2.415,11.5857,4.79737,4.79737,4.79737,6.51975,1.59853,11.5857,4.79737,4.79737,4.79737,6.51975,1.59853,0,11.5857,11.5857,0,0,1.59853,1.59853,23.1713,9.59474,unsupported,unsupported,0.151739
CHS 48.3x3.6,48.3,3.6,3.96853,5.05545,2.415,2.415,12.7085,5.2623,5.2623,5.2623,7.20868,1.5855,12.7085,5.2623,5.2623,5.2623,7.20868,1.5855,0,12.7085,12.7085,0,0,1.5855,1.5855,25.4169,10.5246,unsupported,unsupported,0.151739
CHS 48.3x4,48.3,4,4.37002,5.5669,2.415,2.415,13.7676,5.70086,5.70086,5.70086,7.87129,1.57261,13.7676,5.70086,5.70086,5.70086,7.87129,1.57261,0,13.7676,13.7676,0,0,1.57261,1.57261,27.5352,11.4017,unsupported,unsupported,0.151739
CHS 48.3x5,48.3,5,5.33922,6.80155,2.415,2.415,16.1527,6.68851,6.68851,6.68851,9.41612,1.54106,16.1527,6.68851,6.68851,6.68851,9.41612,1.54106,0,16.1527,16.1527,0,0,1.54106,1.54106,32.3055,13.377,unsupported,unsupported,0.151739
CHS 48.3x6,48.3,6,6.25909,7.97336,2.415,2.415,18.1921,7.53297,7.53297,7.53297,10.8077,1.5105,18.1921,7.53297,7.53297,7.53297,10.8077,1.5105,0,18.1921,18.1921,0,0,1.5105,1.5105,36.3842,15.0659,unsupported,unsupported,0.151739
CHS 48.3x6.3,48.3,6.3,6.52543,8.31265,2.415,2.415,18.7418,7.76059,7.76059,7.76059,11.1965,1.50154,18.7418,7.76059,7.76059,7.76059,11.1965,1.50154,0,18.7418,18.7418,0,0,1.50154,1.50154,37.4836,15.5212,unsupported,unsupported,0.151739
CHS 60.3x1.5,60.3,1.5,2.17514,2.77088,3.015,3.015,11.983,3.97446,3.97446,3.97446,5.18728,2.07957,11.983,3.97446,3.97446,3.97446,5.18728,2.07957,0,11.983,11.983,0,0,2.07957,2.07957,23.966,7.94892,unsupported,unsupported,0.189438
CHS 60.3x2,60.3,2,2.87553,3.6631,3.015,3.015,15.5814,5.16796,5.16796,5.16796,6.80045,2.06243,15.5814,5.16796,5.16796,5.16796,6.80045,2.06243,0,15.5814,15.5814,0,0,2.06243,2.06243,31.1628,10.3359,unsupported,unsupported,0.189438
CHS 60.3x2.3,60.3,2.3,3.28984,4.19088,3.015,3.015,17.6504,5.85419,5.85419,5.85419,7.74126,2.05222,17.6504,5.85419,5.85419,5.85419,7.74126,2.05222,0,17.6504,17.6504,0,0,2.05222,2.05222,35.3008,11.7084,unsupported,unsupported,0.189438
CHS 60.3x2.5,60.3,2.5,3.56359,4.5396,3.015,3.015,18.9931,6.29953,6.29953,6.29953,8.35731,2.04545,18.9931,6.29953,6.29953,6.29953,8.35731,2.04545,0,18.9931,18.9931,0,0,2.04545,2.04545,37.9861,12.5991,unsupported,unsupported,0.189438
CHS 60.3x2.9,60.3,2.9,4.10515,5.2295,3.015,3.015,21.5924,7.16165,7.16165,7.16165,9.56293,2.03198,21.5924,7.16165,7.16165,7.16165,9.56293,2.03198,0,21.5924,21.5924,0,0,2.03198,2.03198,43.1848,14.3233,unsupported,unsupported,0.189438
CHS 60.3x3,60.3,3,4.23931,5.4004,3.015,3.015,22.2246,7.37134,7.37134,7.37134,9.85887,2.02864,22.2246,7.37134,7.37134,7.37134,9.85887,2.02864,0,22.2246,22.2246,0,0,2.02864,2.02864,44.4492,14.7427,unsupported,unsupported,0.189438
CHS 60.3x3.2,60.3,3.2,4.50615,5.74032,3.015,3.015,23.4682,7.78382,7.78382,7.78382,10.4442,2.02196,23.4682,7.78382,7.78382,7.78382,10.4442,2.02196,0,23.4682,23.4682,0,0,2.02196,2.02196,46.9364,15.5676,unsupported,unsupported,0.189438
CHS 60.3x3.6,60.3,3.6,5.03391,6.41262,3.015,3.015,25.8737,8.58166,8.58166,8.58166,11.5892,2.00868,25.8737,8.58166,8.58166,8.58166,11.5892,2.00868,0,25.8737,25.8737,0,0,2.00868,2.00868,51.7474,17.1633,unsupported,unsupported,0.189438
CHS 60.3x4,60.3,4,5.55377,7.07487,3.015,3.015,28.1729,9.34425,9.34425,9.34425,12.7001,1.99552,28.1729,9.34425,9.34425,9.34425,12.7001,1.99552,0,28.1729,28.1729,0,0,1.99552,1.99552,56.3458,18.6885,unsupported,unsupported,0.189438
CHS 60.3x5,60.3,5,6.81891,8.6865,3.015,3.015,33.4766,11.1033,11.1033,11.1033,15.3321,1.96313,33.4766,11.1033,11.1033,11.1033,15.3321,1.96313,0,33.4766,33.4766,0,0,1.96313,1.96313,66.9532,22.2067,unsupported,unsupported,0.189438
CHS 60.3x6,60.3,6,8.03472,10.2353,3.015,3.015,38.184,12.6647,12.6647,12.6647,17.7629,1.93148,38.184,12.6647,12.6647,12.6647,17.7629,1.93148,0,38.184,38.184,0,0,1.93148,1.93148,76.3679,25.3293,unsupported,unsupported,0.189438
CHS 60.3x6.3,60.3,6.3,8.38984,10.6877,3.015,3.015,39.4869,13.0968,13.0968,13.0968,18.4541,1.92214,39.4869,13.0968,13.0968,13.0968,18.4541,1.92214,0,39.4869,39.4869,0,0,1.92214,1.92214,78.9738,26.1936,unsupported,unsupported,0.189438
CHS 76.1x1.5,76.1,1.5,2.75962,3.51544,3.805,3.805,24.4649,6.42967,6.42967,6.42967,8.34887,2.63804,24.4649,6.42967,6.42967,6.42967,8.34887,2.63804,0,24.4649,24.4649,0,0,2.63804,2.63804,48.9298,12.8593,unsupported,unsupported,0.239075
CHS 76.1x2,76.1,2,3.65483,4.65584,3.805,3.805,31.9787,8.40439,8.40439,8.40439,10.9843,2.62078,31.9787,8.40439,8.40439,8.40439,10.9843,2.62078,0,31.9787,31.9787,0,0,2.62078,2.62078,63.9574,16.8088,unsupported,unsupported,0.239075
CHS 76.1x2.3,76.1,2.3,4.18604,5.33254,3.805,3.805,36.3395,9.55045,9.55045,9.55045,12.5309,2.61049,36.3395,9.55045,9.55045,9.55045,12.5309,2.61049,0,36.3395,36.3395,0,0,2.61049,2.61049,72.6789,19.1009,unsupported,unsupported,0.239075
CHS 76.1x2.5,76.1,2.5,4.53772,5.78053,3.805,3.805,39.1863,10.2986,10.2986,10.2986,13.5476,2.60365,39.1863,10.2986,10.2986,10.2986,13.5476,2.60365,0,39.1863,39.1863,0,0,2.60365,2.60365,78.3726,20.5973,unsupported,unsupported,0.239075
CHS 76.1x2.9,76.1,2.9,5.23514,6.66897,3.805,3.805,44.7376,11.7576,11.7576,11.7576,15.547,2.59004,44.7376,11.7576,11.7576,11.7576,15.547,2.59004,0,44.7376,44.7376,0,0,2.59004,2.59004,89.4751,23.5151,unsupported,unsupported,0.239075
CHS 76.1x3,76.1,3,5.40827,6.88951,3.805,3.805,46.0961,12.1146,12.1146,12.1146,16.0398,2.58665,46.0961,12.1146,12.1146,12.1146,16.0398,2.58665,0,46.0961,46.0961,0,0,2.58665,2.58665,92.1922,24.2292,unsupported,unsupported,0.239075
CHS 76.1x3.2,76.1,3.2,5.75304,7.32871,3.805,3.805,48.7785,12.8196,12.8196,12.8196,17.017,2.57989,48.7785,12.8196,12.8196,12.8196,17.017,2.57989,0,48.7785,48.7785,0,0,2.57989,2.57989,97.557,25.6392,unsupported,unsupported,0.239075
CHS 76.1x3.6,76.1,3.6,6.43665,8.19956,3.805,3.805,54.0065,14.1936,14.1936,14.1936,18.9381,2.56642,54.0065,14.1936,14.1936,14.1936,18.9381,2.56642,0,54.0065,54.0065,0,0,2.56642,2.56642,108.013,28.3871,unsupported,unsupported,0.239075
CHS 76.1x4,76.1,4,7.11238,9.06035,3.805,3.805,59.0555,15.5205,15.5205,15.5205,20.815,2.55304,59.0555,15.5205,15.5205,15.5205,20.815,2.55304,0,59.0555,59.0555,0,0,2.55304,2.55304,118.111,31.041,unsupported,unsupported,0.239075
CHS 76.1x5,76.1,5,8.76716,11.1684,3.805,3.805,70.922,18.6392,18.6392,18.6392,25.3177,2.51997,70.922,18.6392,18.6392,18.6392,25.3177,2.51997,0,70.922,70.922,0,0,2.51997,2.51997,141.844,37.2783,unsupported,unsupported,0.239075
CHS 76.1x6,76.1,6,10.3726,13.2135,3.805,3.805,81.7589,21.4872,21.4872,21.4872,29.5561,2.48747,81.7589,21.4872,21.4872,21.4872,29.5561,2.48747,0,81.7589,81.7589,0,0,2.48747,2.48747,163.518,42.9745,unsupported,unsupported,0.239075
CHS 76.1x6.3,76.1,6.3,10.8446,13.8148,3.805,3.805,84.8185,22.2913,22.2913,22.2913,30.7772,2.47783,84.8185,22.2913,22.2913,22.2913,30.7772,2.47783,0,84.8185,84.8185,0,0,2.47783,2.47783,169.637,44.5826,unsupported,unsupported,0.239075
CHS 88.9x1.5,88.9,1.5,3.23312,4.11863,4.445,4.445,39.3381,8.84997,8.84997,8.84997,11.4593,3.09051,39.3381,8.84997,8.84997,8.84997,11.4593,3.09051,0,39.3381,39.3381,0,0,3.09051,3.09051,78.6762,17.6999,unsupported,unsupported,0.279288
CHS 88.9x2,88.9,2,4.28617,5.46009,4.445,4.445,51.5679,11.6013,11.6013,11.6013,15.1059,3.07319,51.5679,11.6013,11.6013,11.6013,15.1059,3.07319,0,51.5679,51.5679,0,0,3.07319,3.07319,103.136,23.2026,unsupported,unsupported,0.279288
CHS 88.9x2.3,88.9,2.3,4.91208,6.25742,4.445,4.445,58.7013,13.2061,13.2061,13.2061,17.253,3.06285,58.7013,13.2061,13.2061,13.2061,17.253,3.06285,0,58.7013,58.7013,0,0,3.06285,3.06285,117.403,26.4123,unsupported,unsupported,0.279288
CHS 88.9x2.5,88.9,2.5,5.32688,6.78584,4.445,4.445,63.373,14.2572,14.2572,14.2572,18.6676,3.05598,63.373,14.2572,14.2572,14.2572,18.6676,3.05598,0,63.373,63.373,0,0,3.05598,3.05598,126.746,28.5143,unsupported,unsupported,0.279288
CHS 88.9x2.9,88.9,2.9,6.15058,7.83513,4.445,4.445,72.5182,16.3145,16.3145,16.3145,21.4565,3.04229,72.5182,16.3145,16.3145,16.3145,21.4565,3.04229,0,72.5182,72.5182,0,0,3.04229,3.04229,145.036,32.6291,unsupported,unsupported,0.279288
CHS 88.9x3,88.9,3,6.35527,8.09588,4.445,4.445,74.7636,16.8197,16.8197,16.8197,22.1454,3.03888,74.7636,16.8197,16.8197,16.8197,22.1454,3.03888,0,74.7636,74.7636,0,0,3.03888,3.03888,149.527,33.6394,unsupported,unsupported,0.279288
CHS 88.9x3.2,88.9,3.2,6.76317,8.6155,4.445,4.445,79.2059,17.8191,17.8191,17.8191,23.5133,3.03206,79.2059,17.8191,17.8191,17.8191,23.5133,3.03206,0,79.2059,79.2059,0,0,3.03206,3.03206,158.412,35.6382,unsupported,unsupported,0.279288
CHS 88.9x3.6,88.9,3.6,7.57305,9.6472,4.445,4.445,87.8987,19.7747,19.7747,19.7747,26.2095,3.0185,87.8987,19.7747,19.7747,19.7747,26.2095,3.0185,0,87.8987,87.8987,0,0,3.0185,3.0185,175.797,39.5495,unsupported,unsupported,0.279288
CHS 88.9x4,88.9,4,8.37505,10.6688,4.445,4.445,96.3398,21.6738,21.6738,21.6738,28.8534,3.005,96.3398,21.6738,21.6738,21.6738,28.8534,3.005,0,96.3398,96.3398,0,0,3.005,3.005,192.68,43.3475,unsupported,unsupported,0.279288
CHS 88.9x5,88.9,5,10.3455,13.179,4.445,4.445,116.374,26.1808,26.1808,26.1808,35.2377,2.97158,116.374,26.1808,26.1808,26.1808,35.2377,2.97158,0,116.374,116.374,0,0,2.97158,2.97158,232.748,52.3617,unsupported,unsupported,0.279288
CHS 88.9x6,88.9,6,12.2666,15.6263,4.445,4.445,134.941,30.3579,30.3579,30.3579,41.3065,2.93862,134.941,30.3579,30.3579,30.3579,41.3065,2.93862,0,134.941,134.941,0,0,2.93862,2.93862,269.882,60.7158,unsupported,unsupported,0.279288
CHS 88.9x6.3,88.9,6.3,12.8334,16.3482,4.445,4.445,140.236,31.5492,31.5492,31.5492,43.0667,2.92883,140.236,31.5492,31.5492,31.5492,43.0667,2.92883,0,140.236,140.236,0,0,2.92883,2.92883,280.472,63.0983,unsupported,unsupported,0.279288
CHS 88.9x7,88.9,7,14.1384,18.0108,4.445,4.445,152.115,34.2215,34.2215,34.2215,47.0676,2.90616,152.115,34.2215,34.2215,34.2215,47.0676,2.90616,0,152.115,152.115,0,0,2.90616,2.90616,304.229,68.443,unsupported,unsupported,0.279288
CHS 88.9x8,88.9,8,15.9609,20.3324,4.445,4.445,167.966,37.7877,37.7877,37.7877,52.5291,2.8742,167.966,37.7877,37.7877,37.7877,52.5291,2.8742,0,167.966,167.966,0,0,2.8742,2.8742,335.932,75.5753,unsupported,unsupported,0.279288
CHS 88.9x10,88.9,10,19.4579,24.7872,4.445,4.445,195.98,44.09,44.09,44.09,62.5854,2.81185,195.98,44.09,44.09,44.09,62.5854,2.81185,0,195.98,195.98,0,0,2.81185,2.81185,391.96,88.18,unsupported,unsupported,0.279288
CHS 101.6x1.5,101.6,1.5,3.70292,4.7171,5.08,5.08,59.095,11.6329,11.6329,11.6329,15.0311,3.53947,59.095,11.6329,11.6329,11.6329,15.0311,3.53947,0,59.095,59.095,0,0,3.53947,3.53947,118.19,23.2658,unsupported,unsupported,0.319186
CHS 101.6x2,101.6,2,4.91257,6.25805,5.08,5.08,77.6324,15.282,15.282,15.282,19.843,3.5221,77.6324,15.282,15.282,15.282,19.843,3.5221,0,77.6324,77.6324,0,0,3.5221,3.5221,155.265,30.5639,unsupported,unsupported,0.319186
CHS 101.6x2.3,101.6,2.3,5.63244,7.17508,5.08,5.08,88.4847,17.4183,17.4183,17.4183,22.6832,3.51173,88.4847,17.4183,17.4183,17.4183,22.6832,3.51173,0,88.4847,88.4847,0,0,3.51173,3.51173,176.969,34.8365,unsupported,unsupported,0.319186
CHS 101.6x2.5,101.6,2.5,6.10989,7.7833,5.08,5.08,95.6086,18.8206,18.8206,18.8206,24.5572,3.50483,95.6086,18.8206,18.8206,18.8206,24.5572,3.50483,0,95.6086,95.6086,0,0,3.50483,3.50483,191.217,37.6412,unsupported,unsupported,0.319186
CHS 101.6x2.9,101.6,2.9,7.05886,8.99218,5.08,5.08,109.593,21.5735,21.5735,21.5735,28.259,3.49108,109.593,21.5735,21.5735,21.5735,28.259,3.49108,0,109.593,109.593,0,0,3.49108,3.49108,219.187,43.147,unsupported,unsupported,0.319186
CHS 101.6x3,101.6,3,7.29487,9.29283,5.08,5.08,113.035,22.251,22.251,22.251,29.1749,3.48765,113.035,22.251,22.251,22.251,29.1749,3.48765,0,113.035,113.035,0,0,3.48765,3.48765,226.07,44.5021,unsupported,unsupported,0.319186
CHS 101.6x3.2,101.6,3.2,7.76541,9.89225,5.08,5.08,119.854,23.5934,23.5934,23.5934,30.9951,3.4808,119.854,23.5934,23.5934,23.5934,30.9951,3.4808,0,119.854,119.854,0,0,3.4808,3.4808,239.709,47.1868,unsupported,unsupported,0.319186
CHS 101.6x3.6,101.6,3.6,8.70058,11.0835,5.08,5.08,133.237,26.2278,26.2278,26.2278,34.59,3.46716,133.237,26.2278,26.2278,26.2278,34.59,3.46716,0,133.237,133.237,0,0,3.46716,3.46716,266.475,52.4557,unsupported,unsupported,0.319186
CHS 101.6x4,101.6,4,9.62785,12.2648,5.08,5.08,146.284,28.7962,28.7962,28.7962,38.1244,3.45358,146.284,28.7962,28.7962,28.7962,38.1244,3.45358,0,146.284,146.284,0,0,3.45358,3.45358,292.569,57.5923,unsupported,unsupported,0.319186
CHS 101.6x5,101.6,5,11.9115,15.1739,5.08,5.08,177.469,34.9349,34.9349,34.9349,46.6995,3.4199,177.469,34.9349,34.9349,34.9349,46.6995,3.4199,0,177.469,177.469,0,0,3.4199,3.4199,354.939,69.8698,unsupported,unsupported,0.319186
CHS 101.6x6,101.6,6,14.1458,18.0202,5.08,5.08,206.677,40.6844,40.6844,40.6844,54.9082,3.38662,206.677,40.6844,40.6844,40.6844,54.9082,3.38662,0,206.677,206.677,0,0,3.38662,3.38662,413.354,81.3689,unsupported,unsupported,0.319186
CHS 101.6x6.3,101.6,6.3,14.8065,18.8618,5.08,5.08,215.067,42.3359,42.3359,42.3359,57.3005,3.37672,215.067,42.3359,42.3359,42.3359,57.3005,3.37672,0,215.067,215.067,0,0,3.37672,3.37672,430.133,84.6719,unsupported,unsupported,0.319186
CHS 101.6x7,101.6,7,16.3308,20.8036,5.08,5.08,233.993,46.0616,46.0616,46.0616,62.7585,3.35376,233.993,46.0616,46.0616,46.0616,62.7585,3.35376,0,233.993,233.993,0,0,3.35376,3.35376,467.986,92.1232,unsupported,unsupported,0.319186
CHS 101.6x8,101.6,8,18.4665,23.5242,5.08,5.08,259.501,51.0828,51.0828,51.0828,70.2583,3.32133,259.501,51.0828,51.0828,51.0828,70.2583,3.32133,0,259.501,259.501,0,0,3.32133,3.32133,519.001,102.166,unsupported,unsupported,0.319186
CHS 101.6x10,101.6,10,22.5899,28.777,5.08,5.08,305.416,60.1212,60.1212,60.1212,84.2389,3.25779,305.416,60.1212,60.1212,60.1212,84.2389,3.25779,0,305.416,305.416,0,0,3.25779,3.25779,610.832,120.242,unsupported,unsupported,0.319186
CHS 114.3x1.5,114.3,1.5,4.17273,5.31557,5.715,5.715,84.5581,14.7958,14.7958,14.7958,19.0869,3.98843,84.5581,14.7958,14.7958,14.7958,19.0869,3.98843,0,84.5581,84.5581,0,0,3.98843,3.98843,169.116,29.5916,unsupported,unsupported,0.359084
CHS 114.3x2,114.3,2,5.53897,7.05602,5.715,5.715,111.267,19.4693,19.4693,19.4693,25.2252,3.97103,111.267,19.4693,19.4693,19.4693,25.2252,3.97103,0,111.267,111.267,0,0,3.97103,3.97103,222.534,38.9386,unsupported,unsupported,0.359084
CHS 114.3x2.3,114.3,2.3,6.3528,8.09274,5.715,5.715,126.948,22.2131,22.2131,22.2131,28.8553,3.96063,126.948,22.2131,22.2131,22.2131,28.8553,3.96063,0,126.948,126.948,0,0,3.96063,3.96063,253.895,44.4261,unsupported,unsupported,0.359084
CHS 114.3x2.5,114.3,2.5,6.89289,8.78075,5.715,5.715,137.259,24.0174,24.0174,24.0174,31.2533,3.95372,137.259,24.0174,24.0174,24.0174,31.2533,3.95372,0,137.259,137.259,0,0,3.95372,3.95372,274.519,48.0348,unsupported,unsupported,0.359084
CHS 114.3x2.9,114.3,2.9,7.96714,10.1492,5.715,5.715,157.546,27.5671,27.5671,27.5671,35.997,3.93992,157.546,27.5671,27.5671,27.5671,35.997,3.93992,0,157.546,157.546,0,0,3.93992,3.93992,315.092,55.1342,unsupported,unsupported,0.359084
CHS 114.3x3,114.3,3,8.23448,10.4898,5.715,5.715,162.548,28.4424,28.4424,28.4424,37.1721,3.93648,162.548,28.4424,28.4424,28.4424,37.1721,3.93648,0,162.548,162.548,0,0,3.93648,3.93648,325.096,56.8847,unsupported,unsupported,0.359084
CHS 114.3x3.2,114.3,3.2,8.76766,11.169,5.715,5.715,172.469,30.1784,30.1784,30.1784,39.5092,3.92961,172.469,30.1784,30.1784,30.1784,39.5092,3.92961,0,172.469,172.469,0,0,3.92961,3.92961,344.939,60.3568,unsupported,unsupported,0.359084
CHS 114.3x3.6,114.3,3.6,9.8281,12.5199,5.715,5.715,191.984,33.5929,33.5929,33.5929,44.1317,3.91591,191.984,33.5929,33.5929,33.5929,44.1317,3.91591,0,191.984,191.984,0,0,3.91591,3.91591,383.967,67.1859,unsupported,unsupported,0.359084
CHS 114.3x4,114.3,4,10.8807,13.8607,5.715,5.715,211.065,36.9318,36.9318,36.9318,48.6857,3.90226,211.065,36.9318,36.9318,36.9318,48.6857,3.90226,0,211.065,211.065,0,0,3.90226,3.90226,422.131,73.8637,unsupported,unsupported,0.359084
CHS 114.3x5,114.3,5,13.4775,17.1688,5.715,5.715,256.92,44.9554,44.9554,44.9554,59.7741,3.86838,256.92,44.9554,44.9554,44.9554,59.7741,3.86838,0,256.92,256.92,0,0,3.86838,3.86838,513.84,89.9108,unsupported,unsupported,0.359084
CHS 114.3x6,114.3,6,16.025,20.4141,5.715,5.715,300.212,52.5305,52.5305,52.5305,70.4453,3.83485,300.212,52.5305,52.5305,52.5305,70.4453,3.83485,0,300.212,300.212,0,0,3.83485,3.83485,600.423,105.061,unsupported,unsupported,0.359084
CHS 114.3x6.3,114.3,6.3,16.7797,21.3754,5.715,5.715,312.714,54.7181,54.7181,54.7181,73.5665,3.82487,312.714,54.7181,54.7181,54.7181,73.5665,3.82487,0,312.714,312.714,0,0,3.82487,3.82487,625.428,109.436,unsupported,unsupported,0.359084
CHS 114.3x7,114.3,7,18.5233,23.5965,5.715,5.715,341.037,59.674,59.674,59.674,80.7074,3.80169,341.037,59.674,59.674,59.674,80.7074,3.80169,0,341.037,341.037,0,0,3.80169,3.80169,682.074,119.348,unsupported,unsupported,0.359084
CHS 114.3x8,114.3,8,20.9721,26.7161,5.715,5.715,379.492,66.4028,66.4028,66.4028,90.5682,3.7689,379.492,66.4028,66.4028,66.4028,90.5682,3.7689,0,379.492,379.492,0,0,3.7689,3.7689,758.984,132.806,unsupported,unsupported,0.359084
CHS 114.3x10,114.3,10,25.7219,32.7668,5.715,5.715,449.663,78.6811,78.6811,78.6811,109.118,3.70447,449.663,78.6811,78.6811,78.6811,109.118,3.70447,0,449.663,449.663,0,0,3.70447,3.70447,899.325,157.362,unsupported,unsupported,0.359084
CHS 139.7x2,139.7,2,6.79178,8.65195,6.985,6.985,205.108,29.3641,29.3641,29.3641,37.9252,4.86894,205.108,29.3641,29.3641,29.3641,37.9252,4.86894,0,205.108,205.108,0,0,4.86894,4.86894,410.217,58.7282,unsupported,unsupported,0.43888
CHS 139.7x2.3,139.7,2.3,7.79353,9.92806,6.985,6.985,234.353,33.5508,33.5508,33.5508,43.4252,4.8585,234.353,33.5508,33.5508,33.5508,43.4252,4.8585,0,234.353,234.353,0,0,4.8585,4.8585,468.705,67.1016,unsupported,unsupported,0.43888
CHS 139.7x2.5,139.7,2.5,8.4589,10.7757,6.985,6.985,253.633,36.3111,36.3111,36.3111,47.0648,4.85156,253.633,36.3111,36.3111,36.3111,47.0648,4.85156,0,253.633,253.633,0,0,4.85156,4.85156,507.267,72.6223,unsupported,unsupported,0.43888
CHS 139.7x2.9,139.7,2.9,9.78371,12.4633,6.985,6.985,291.683,41.7585,41.7585,41.7585,54.2794,4.8377,291.683,41.7585,41.7585,41.7585,54.2794,4.8377,0,291.683,291.683,0,0,4.8377,4.8377,583.366,83.517,unsupported,unsupported,0.43888
CHS 139.7x3,139.7,3,10.1137,12.8837,6.985,6.985,301.09,43.1052,43.1052,43.1052,56.0697,4.83424,301.09,43.1052,43.1052,43.1052,56.0697,4.83424,0,301.09,301.09,0,0,4.83424,4.83424,602.179,86.2103,unsupported,unsupported,0.43888
CHS 139.7x3.2,139.7,3.2,10.7721,13.7225,6.985,6.985,319.776,45.7804,45.7804,45.7804,59.6341,4.82733,319.776,45.7804,45.7804,45.7804,59.6341,4.82733,0,319.776,319.776,0,0,4.82733,4.82733,639.553,91.5609,unsupported,unsupported,0.43888
CHS 139.7x3.6,139.7,3.6,12.0831,15.3925,6.985,6.985,356.649,51.0592,51.0592,51.0592,66.6991,4.81354,356.649,51.0592,51.0592,51.0592,66.6991,4.81354,0,356.649,356.649,0,0,4.81354,4.81354,713.297,102.118,unsupported,unsupported,0.43888
CHS 139.7x4,139.7,4,13.3863,17.0526,6.985,6.985,392.859,56.2432,56.2432,56.2432,73.6793,4.7998,392.859,56.2432,56.2432,56.2432,73.6793,4.7998,0,392.859,392.859,0,0,4.7998,4.7998,785.718,112.486,unsupported,unsupported,0.43888
CHS 139.7x5,139.7,5,16.6095,21.1586,6.985,6.985,480.541,68.7962,68.7962,68.7962,90.7621,4.76564,480.541,68.7962,68.7962,68.7962,90.7621,4.76564,0,480.541,480.541,0,0,4.76564,4.76564,961.082,137.592,unsupported,unsupported,0.43888
CHS 139.7x6,139.7,6,19.7835,25.2019,6.985,6.985,564.26,80.7816,80.7816,80.7816,107.326,4.73177,564.26,80.7816,80.7816,80.7816,107.326,4.73177,0,564.26,564.26,0,0,4.73177,4.73177,1128.52,161.563,unsupported,unsupported,0.43888
CHS 139.7x6.3,139.7,6.3,20.726,26.4026,6.985,6.985,588.621,84.2692,84.2692,84.2692,112.195,4.72166,588.621,84.2692,84.2692,84.2692,112.195,4.72166,0,588.621,588.621,0,0,4.72166,4.72166,1177.24,168.538,unsupported,unsupported,0.43888
CHS 139.7x7,139.7,7,22.9081,29.1823,6.985,6.985,644.136,92.217,92.217,92.217,123.379,4.69818,644.136,92.217,92.217,92.217,123.379,4.69818,0,644.136,644.136,0,0,4.69818,4.69818,1288.27,184.434,unsupported,unsupported,0.43888
CHS 139.7x8,139.7,8,25.9834,33.0998,6.985,6.985,720.289,103.119,103.119,103.119,138.93,4.66488,720.289,103.119,103.119,103.119,138.93,4.66488,0,720.289,720.289,0,0,4.66488,4.66488,1440.58,206.239,unsupported,unsupported,0.43888
CHS 139.7x10,139.7,10,31.986,40.7465,6.985,6.985,861.894,123.392,123.392,123.392,168.554,4.5992,861.894,123.392,123.392,123.392,168.554,4.5992,0,861.894,861.894,0,0,4.5992,4.5992,1723.79,246.784,unsupported,unsupported,0.43888
CHS 139.7x12.5,139.7,12.5,39.2118,49.9513,6.985,6.985,1020.01,146.029,146.029,146.029,202.899,4.51886,1020.01,146.029,146.029,146.029,202.899,4.51886,0,1020.01,1020.01,0,0,4.51886,4.51886,2040.02,292.058,unsupported,unsupported,0.43888
CHS 168.3x2.5,168.3,2.5,10.2222,13.0219,8.415,8.415,447.561,53.1861,53.1861,53.1861,68.7293,5.86258,447.561,53.1861,53.1861,53.1861,68.7293,5.86258,0,447.561,447.561,0,0,5.86258,5.86258,895.122,106.372,unsupported,unsupported,0.52873
CHS 168.3x2.9,168.3,2.9,11.8291,15.069,8.415,8.415,515.463,61.2553,61.2553,61.2553,79.3439,5.84867,515.463,61.2553,61.2553,61.2553,79.3439,5.84867,0,515.463,515.463,0,0,5.84867,5.84867,1030.93,122.511,unsupported,unsupported,0.52873
CHS 168.3x3,168.3,3,12.2296,15.5792,8.415,8.415,532.283,63.2541,63.2541,63.2541,81.9813,5.8452,532.283,63.2541,63.2541,63.2541,81.9813,5.8452,0,532.283,532.283,0,0,5.8452,5.8452,1064.57,126.508,unsupported,unsupported,0.52873
CHS 168.3x3.2,168.3,3.2,13.0292,16.5977,8.415,8.415,565.737,67.2295,67.2295,67.2295,87.2366,5.83826,565.737,67.2295,67.2295,67.2295,87.2366,5.83826,0,565.737,565.737,0,0,5.83826,5.83826,1131.47,134.459,unsupported,unsupported,0.52873
CHS 168.3x3.6,168.3,3.6,14.6223,18.6271,8.415,8.415,631.903,75.0925,75.0925,75.0925,97.6695,5.82442,631.903,75.0925,75.0925,75.0925,97.6695,5.82442,0,631.903,631.903,0,0,5.82442,5.82442,1263.81,150.185,unsupported,unsupported,0.52873
CHS 168.3x4,168.3,4,16.2075,20.6465,8.415,8.415,697.092,82.8392,82.8392,82.8392,107.999,5.8106,697.092,82.8392,82.8392,82.8392,107.999,5.8106,0,697.092,697.092,0,0,5.8106,5.8106,1394.18,165.678,unsupported,unsupported,0.52873
CHS 168.3x5,168.3,5,20.1361,25.6511,8.415,8.415,855.846,101.705,101.705,101.705,133.376,5.77623,855.846,101.705,101.705,101.705,133.376,5.77623,0,855.846,855.846,0,0,5.77623,5.77623,1711.69,203.41,unsupported,unsupported,0.52873
CHS 168.3x6,168.3,6,24.0154,30.5928,8.415,8.415,1008.69,119.869,119.869,119.869,158.12,5.74209,1008.69,119.869,119.869,119.869,158.12,5.74209,0,1008.69,1008.69,0,0,5.74209,5.74209,2017.39,239.737,unsupported,unsupported,0.52873
CHS 168.3x6.3,168.3,6.3,25.1695,32.0631,8.415,8.415,1053.42,125.184,125.184,125.184,165.421,5.73189,1053.42,125.184,125.184,125.184,165.421,5.73189,0,1053.42,1053.42,0,0,5.73189,5.73189,2106.84,250.367,unsupported,unsupported,0.52873
CHS 168.3x7,168.3,7,27.8453,35.4717,8.415,8.415,1155.79,137.349,137.349,137.349,182.238,5.70818,1155.79,137.349,137.349,137.349,182.238,5.70818,0,1155.79,1155.79,0,0,5.70818,5.70818,2311.58,274.697,unsupported,unsupported,0.52873
CHS 168.3x8,168.3,8,31.6259,40.2878,8.415,8.415,1297.27,154.162,154.162,154.162,205.739,5.67451,1297.27,154.162,154.162,154.162,205.739,5.67451,0,1297.27,1297.27,0,0,5.67451,5.67451,2594.54,308.324,unsupported,unsupported,0.52873
CHS 168.3x10,168.3,10,39.0392,49.7314,8.415,8.415,1563.98,185.857,185.857,185.857,250.922,5.60791,1563.98,185.857,185.857,185.857,250.922,5.60791,0,1563.98,1563.98,0,0,5.60791,5.60791,3127.97,371.713,unsupported,unsupported,0.52873
CHS 168.3x12.5,168.3,12.5,48.0283,61.1825,8.415,8.415,1868.35,222.026,222.026,222.026,304.072,5.52606,1868.35,222.026,222.026,222.026,304.072,5.52606,0,1868.35,1868.35,0,0,5.52606,5.52606,3736.71,444.053,unsupported,unsupported,0.52873
CHS 177.8x3,177.8,3,12.9325,16.4745,8.89,8.89,629.41,70.7997,70.7997,70.7997,91.6741,6.18102,629.41,70.7997,70.7997,70.7997,91.6741,6.18102,0,629.41,629.41,0,0,6.18102,6.18102,1258.82,141.599,unsupported,unsupported,0.558575
CHS 177.8x3.2,177.8,3.2,13.7789,17.5527,8.89,8.89,669.096,75.2639,75.2639,75.2639,97.5634,6.17408,669.096,75.2639,75.2639,75.2639,97.5634,6.17408,0,669.096,669.096,0,0,6.17408,6.17408,1338.19,150.528,unsupported,unsupported,0.558575
CHS 177.8x3.6,177.8,3.6,15.4657,19.7016,8.89,8.89,747.64,84.0989,84.0989,84.0989,109.26,6.16022,747.64,84.0989,84.0989,84.0989,109.26,6.16022,0,747.64,747.64,0,0,6.16022,6.16022,1495.28,168.198,unsupported,unsupported,0.558575
CHS 177.8x4,177.8,4,17.1447,21.8404,8.89,8.89,825.086,92.8106,92.8106,92.8106,120.847,6.14639,825.086,92.8106,92.8106,92.8106,120.847,6.14639,0,825.086,825.086,0,0,6.14639,6.14639,1650.17,185.621,unsupported,unsupported,0.558575
CHS 177.8x5,177.8,5,21.3075,27.1434,8.89,8.89,1013.97,114.057,114.057,114.057,149.341,6.11196,1013.97,114.057,114.057,114.057,149.341,6.11196,0,1013.97,1013.97,0,0,6.11196,6.11196,2027.94,228.114,unsupported,unsupported,0.558575
CHS 177.8x6,177.8,6,25.4211,32.3835,8.89,8.89,1196.22,134.558,134.558,134.558,177.163,6.07775,1196.22,134.558,134.558,134.558,177.163,6.07775,0,1196.22,1196.22,0,0,6.07775,6.07775,2392.43,269.115,unsupported,unsupported,0.558575
CHS 177.8x6.3,177.8,6.3,26.6455,33.9433,8.89,8.89,1249.62,140.565,140.565,140.565,185.381,6.06753,1249.62,140.565,140.565,140.565,185.381,6.06753,0,1249.62,1249.62,0,0,6.06753,6.06753,2499.24,281.13,unsupported,unsupported,0.558575
CHS 177.8x7,177.8,7,29.4853,37.5609,8.89,8.89,1371.99,154.329,154.329,154.329,204.323,6.04376,1371.99,154.329,154.329,154.329,204.323,6.04376,0,1371.99,1371.99,0,0,6.04376,6.04376,2743.98,308.659,unsupported,unsupported,0.558575
CHS 177.8x8,177.8,8,33.5002,42.6754,8.89,8.89,1541.44,173.39,173.39,173.39,230.827,6.01,1541.44,173.39,173.39,173.39,230.827,6.01,0,1541.44,1541.44,0,0,6.01,6.01,3082.87,346.78,unsupported,unsupported,0.558575
CHS 177.8x10,177.8,10,41.382,52.7159,8.89,8.89,1861.98,209.447,209.447,209.447,281.902,5.94315,1861.98,209.447,209.447,209.447,281.902,5.94315,0,1861.98,1861.98,0,0,5.94315,5.94315,3723.96,418.894,unsupported,unsupported,0.558575
CHS 193.7x3,193.7,3,14.1088,17.9731,9.685,9.685,817.223,84.3803,84.3803,84.3803,109.108,6.7431,817.223,84.3803,84.3803,84.3803,109.108,6.7431,0,817.223,817.223,0,0,6.7431,6.7431,1634.45,168.761,unsupported,unsupported,0.608526
CHS 193.7x3.2,193.7,3.2,15.0337,19.1511,9.685,9.685,868.995,89.7259,89.7259,89.7259,116.14,6.73614,868.995,89.7259,89.7259,89.7259,116.14,6.73614,0,868.995,868.995,0,0,6.73614,6.73614,1737.99,179.452,unsupported,unsupported,0.608526
CHS 193.7x3.6,193.7,3.6,16.8773,21.4998,9.685,9.685,971.548,100.315,100.315,100.315,130.112,6.72226,971.548,100.315,100.315,100.315,130.112,6.72226,0,971.548,971.548,0,0,6.72226,6.72226,1943.1,200.63,unsupported,unsupported,0.608526
CHS 193.7x4,193.7,4,18.7131,23.8384,9.685,9.685,1072.79,110.768,110.768,110.768,143.966,6.7084,1072.79,110.768,110.768,110.768,143.966,6.7084,0,1072.79,1072.79,0,0,6.7084,6.7084,2145.58,221.537,unsupported,unsupported,0.608526
CHS 193.7x5,193.7,5,23.2681,29.6409,9.685,9.685,1320.23,136.317,136.317,136.317,178.08,6.67389,1320.23,136.317,136.317,136.317,178.08,6.67389,0,1320.23,1320.23,0,0,6.67389,6.67389,2640.46,272.634,unsupported,unsupported,0.608526
CHS 193.7x5.6,193.7,5.6,25.9774,33.0923,9.685,9.685,1464.87,151.251,151.251,151.251,198.196,6.65329,1464.87,151.251,151.251,151.251,198.196,6.65329,0,1464.87,1464.87,0,0,6.65329,6.65329,2929.74,302.503,unsupported,unsupported,0.608526
CHS 193.7x6,193.7,6,27.7738,35.3806,9.685,9.685,1559.72,161.045,161.045,161.045,211.46,6.63959,1559.72,161.045,161.045,161.045,211.46,6.63959,0,1559.72,1559.72,0,0,6.63959,6.63959,3119.45,322.09,unsupported,unsupported,0.608526
CHS 193.7x6.3,193.7,6.3,29.1159,37.0903,9.685,9.685,1630.05,168.306,168.306,168.306,221.332,6.62933,1630.05,168.306,168.306,168.306,221.332,6.62933,0,1630.05,1630.05,0,0,6.62933,6.62933,3260.09,336.612,unsupported,unsupported,0.608526
CHS 193.7x7,193.7,7,32.2301,41.0575,9.685,9.685,1791.43,184.97,184.97,184.97,244.113,6.60548,1791.43,184.97,184.97,184.97,244.113,6.60548,0,1791.43,1791.43,0,0,6.60548,6.60548,3582.87,369.94,unsupported,unsupported,0.608526
CHS 193.7x8,193.7,8,36.6371,46.6715,9.685,9.685,2015.54,208.109,208.109,208.109,276.047,6.57158,2015.54,208.109,208.109,208.109,276.047,6.57158,0,2015.54,2015.54,0,0,6.57158,6.57158,4031.07,416.218,unsupported,unsupported,0.608526
CHS 193.7x10,193.7,10,45.3032,57.7111,9.685,9.685,2441.59,252.1,252.1,252.1,337.79,6.50439,2441.59,252.1,252.1,252.1,337.79,6.50439,0,2441.59,2441.59,0,0,6.50439,6.50439,4883.18,504.2,unsupported,unsupported,0.608526
CHS 193.7x12.5,193.7,12.5,55.8583,71.1571,9.685,9.685,2934.31,302.975,302.975,302.975,411.069,6.42161,2934.31,302.975,302.975,302.975,411.069,6.42161,0,2934.31,2934.31,0,0,6.42161,6.42161,5868.62,605.95,unsupported,unsupported,0.608526
CHS 219.1x3,219.1,3,15.9881,20.3669,10.955,10.955,1189.13,108.547,108.547,108.547,140.107,7.64102,1189.13,108.547,108.547,108.547,140.107,7.64102,0,1189.13,1189.13,0,0,7.64102,7.64102,2378.26,217.093,unsupported,unsupported,0.688323
CHS 219.1x3.2,219.1,3.2,17.0381,21.7046,10.955,10.955,1264.92,115.465,115.465,115.465,149.172,7.63406,1264.92,115.465,115.465,115.465,149.172,7.63406,0,1264.92,1264.92,0,0,7.63406,7.63406,2529.84,230.93,unsupported,unsupported,0.688323
CHS 219.1x3.6,219.1,3.6,19.1324,24.3725,10.955,10.955,1415.22,129.185,129.185,129.185,167.2,7.62014,1415.22,129.185,129.185,129.185,167.2,7.62014,0,1415.22,1415.22,0,0,7.62014,7.62014,2830.45,258.371,unsupported,unsupported,0.688323
CHS 219.1x4,219.1,4,21.2188,27.0303,10.955,10.955,1563.84,142.751,142.751,142.751,185.093,7.60625,1563.84,142.751,142.751,142.751,185.093,7.60625,0,1563.84,1563.84,0,0,7.60625,7.60625,3127.67,285.502,unsupported,unsupported,0.688323
CHS 219.1x5,219.1,5,26.4001,33.6307,10.955,10.955,1928.04,175.997,175.997,175.997,229.236,7.57164,1928.04,175.997,175.997,175.997,229.236,7.57164,0,1928.04,1928.04,0,0,7.57164,7.57164,3856.09,351.993,unsupported,unsupported,0.688323
CHS 219.1x6,219.1,6,31.5322,40.1684,10.955,10.955,2281.95,208.302,208.302,208.302,272.542,7.53721,2281.95,208.302,208.302,208.302,272.542,7.53721,0,2281.95,2281.95,0,0,7.53721,7.53721,4563.89,416.604,unsupported,unsupported,0.688323
CHS 219.1x6.3,219.1,6.3,33.0622,42.1174,10.955,10.955,2386.14,217.813,217.813,217.813,285.372,7.52691,2386.14,217.813,217.813,217.813,285.372,7.52691,0,2386.14,2386.14,0,0,7.52691,7.52691,4772.28,435.626,unsupported,unsupported,0.688323
CHS 219.1x7,219.1,7,36.6149,46.6432,10.955,10.955,2625.75,239.685,239.685,239.685,315.019,7.50295,2625.75,239.685,239.685,239.685,315.019,7.50295,0,2625.75,2625.75,0,0,7.50295,7.50295,5251.49,479.369,unsupported,unsupported,0.688323
CHS 219.1x8,219.1,8,41.6483,53.0552,10.955,10.955,2959.63,270.163,270.163,270.163,356.676,7.46887,2959.63,270.163,270.163,270.163,356.676,7.46887,0,2959.63,2959.63,0,0,7.46887,7.46887,5919.27,540.325,unsupported,unsupported,0.688323
CHS 219.1x10,219.1,10,51.5672,65.6907,10.955,10.955,3598.44,328.475,328.475,328.475,437.561,7.40125,3598.44,328.475,328.475,328.475,437.561,7.40125,0,3598.44,3598.44,0,0,7.40125,7.40125,7196.88,656.949,unsupported,unsupported,0.688323
CHS 219.1x12.5,219.1,12.5,63.6883,81.1316,10.955,10.955,4344.58,396.584,396.584,396.584,534.196,7.31777,4344.58,396.584,396.584,396.584,534.196,7.31777,0,4344.58,4344.58,0,0,7.31777,7.31777,8689.16,793.168,unsupported,unsupported,0.688323
CHS 244.5x4,244.5,4,23.7244,30.2221,12.225,12.225,2185.67,178.787,178.787,178.787,231.382,8.50414,2185.67,178.787,178.787,178.787,231.382,8.50414,0,2185.67,2185.67,0,0,8.50414,8.50414,4371.35,357.574,unsupported,unsupported,0.768119
CHS 244.5x5,244.5,5,29.5321,37.6206,12.225,12.225,2698.58,220.743,220.743,220.743,286.843,8.46945,2698.58,220.743,220.743,220.743,286.843,8.46945,0,2698.58,2698.58,0,0,8.46945,8.46945,5397.16,441.486,unsupported,unsupported,0.768119
CHS 244.5x6,244.5,6,35.2906,44.9562,12.225,12.225,3198.53,261.639,261.639,261.639,341.366,8.43492,3198.53,261.639,261.639,261.639,341.366,8.43492,0,3198.53,3198.53,0,0,8.43492,8.43492,6397.07,523.278,unsupported,unsupported,0.768119
CHS 244.5x6.3,244.5,6.3,37.0085,47.1446,12.225,12.225,3346.03,273.704,273.704,273.704,357.541,8.42459,3346.03,273.704,273.704,273.704,357.541,8.42459,0,3346.03,3346.03,0,0,8.42459,8.42459,6692.05,547.407,unsupported,unsupported,0.768119
CHS 244.5x7,244.5,7,40.9997,52.229,12.225,12.225,3685.75,301.493,301.493,301.493,394.958,8.40054,3685.75,301.493,301.493,301.493,394.958,8.40054,0,3685.75,3685.75,0,0,8.40054,8.40054,7371.5,602.986,unsupported,unsupported,0.768119
CHS 244.5x8,244.5,8,46.6596,59.4389,12.225,12.225,4160.45,340.323,340.323,340.323,447.629,8.36632,4160.45,340.323,340.323,340.323,447.629,8.36632,0,4160.45,4160.45,0,0,8.36632,8.36632,8320.89,680.646,unsupported,unsupported,0.768119
CHS 244.5x10,244.5,10,57.8312,73.6703,12.225,12.225,5073.15,414.981,414.981,414.981,550.236,8.29836,5073.15,414.981,414.981,414.981,550.236,8.29836,0,5073.15,5073.15,0,0,8.29836,8.29836,10146.3,829.963,unsupported,unsupported,0.768119
CHS 244.5x12.5,244.5,12.5,71.5184,91.1062,12.225,12.225,6147.42,502.856,502.856,502.856,673.451,8.21434,6147.42,502.856,502.856,502.856,673.451,8.21434,0,6147.42,6147.42,0,0,8.21434,8.21434,12294.8,1005.71,unsupported,unsupported,0.768119
CHS 273x4,273,4,26.5358,33.8035,13.65,13.65,3058.25,224.047,224.047,224.047,289.465,9.51164,3058.25,224.047,224.047,224.047,289.465,9.51164,0,3058.25,3058.25,0,0,9.51164,9.51164,6116.5,448.095,unsupported,unsupported,0.857655
CHS 273x5,273,5,33.0464,42.0973,13.65,13.65,3780.81,276.983,276.983,276.983,359.162,9.47688,3780.81,276.983,276.983,276.983,359.162,9.47688,0,3780.81,3780.81,0,0,9.47688,9.47688,7561.63,553.966,unsupported,unsupported,0.857655
CHS 273x6,273,6,39.5077,50.3283,13.65,13.65,4487.08,328.724,328.724,328.724,427.806,9.44226,4487.08,328.724,328.724,328.724,427.806,9.44226,0,4487.08,4487.08,0,0,9.44226,9.44226,8974.17,657.448,unsupported,unsupported,0.857655
CHS 273x6.3,273,6.3,41.4365,52.7854,13.65,13.65,4695.82,344.016,344.016,344.016,448.195,9.4319,4695.82,344.016,344.016,344.016,448.195,9.4319,0,4695.82,4695.82,0,0,9.4319,9.4319,9391.65,688.033,unsupported,unsupported,0.857655
CHS 273x7,273,7,45.9197,58.4965,13.65,13.65,5177.3,379.29,379.29,379.29,495.406,9.40778,5177.3,379.29,379.29,379.29,495.406,9.40778,0,5177.3,5177.3,0,0,9.40778,9.40778,10354.6,758.579,unsupported,unsupported,0.857655
CHS 273x8,273,8,52.2824,66.6018,13.65,13.65,5851.71,428.697,428.697,428.697,561.971,9.37343,5851.71,428.697,428.697,428.697,561.971,9.37343,0,5851.71,5851.71,0,0,9.37343,9.37343,11703.4,857.394,unsupported,unsupported,0.857655
CHS 273x10,273,10,64.8598,82.6239,13.65,13.65,7154.09,524.109,524.109,524.109,692.023,9.30517,7154.09,524.109,524.109,524.109,692.023,9.30517,0,7154.09,7154.09,0,0,9.30517,9.30517,14308.2,1048.22,unsupported,unsupported,0.857655
CHS 273x12.5,273,12.5,80.304,102.298,13.65,13.65,8697.45,637.176,637.176,637.176,848.904,9.22066,8697.45,637.176,637.176,637.176,848.904,9.22066,0,8697.45,8697.45,0,0,9.22066,9.22066,17394.9,1274.35,unsupported,unsupported,0.857655
CHS 323.9x4,323.9,4,31.5569,40.1998,16.195,16.195,5143.17,317.577,317.577,317.577,409.365,11.3111,5143.17,317.577,317.577,317.577,409.365,11.3111,0,5143.17,5143.17,0,0,11.3111,11.3111,10286.3,635.155,unsupported,unsupported,1.01756
CHS 323.9x5,323.9,5,39.3228,50.0927,16.195,16.195,6369.42,393.296,393.296,393.296,508.528,11.2762,6369.42,393.296,393.296,393.296,508.528,11.2762,0,6369.42,6369.42,0,0,11.2762,11.2762,12738.8,786.591,unsupported,unsupported,1.01756
CHS 323.9x6,323.9,6,47.0393,59.9227,16.195,16.195,7572.47,467.581,467.581,467.581,606.434,11.2415,7572.47,467.581,467.581,467.581,606.434,11.2415,0,7572.47,7572.47,0,0,11.2415,11.2415,15144.9,935.161,unsupported,unsupported,1.01756
CHS 323.9x6.3,323.9,6.3,49.3447,62.8595,16.195,16.195,7928.9,489.589,489.589,489.589,635.563,11.2311,7928.9,489.589,489.589,489.589,635.563,11.2311,0,7928.9,7928.9,0,0,11.2311,11.2311,15857.8,979.178,unsupported,unsupported,1.01756
CHS 323.9x7,323.9,7,54.7066,69.6899,16.195,16.195,8752.59,540.45,540.45,540.45,703.094,11.2068,8752.59,540.45,540.45,540.45,703.094,11.2068,0,8752.59,8752.59,0,0,11.2068,11.2068,17505.2,1080.9,unsupported,unsupported,1.01756
CHS 323.9x8,323.9,8,62.3245,79.3943,16.195,16.195,9910.08,611.922,611.922,611.922,798.513,11.1723,9910.08,611.922,611.922,611.922,798.513,11.1723,0,9910.08,9910.08,0,0,11.1723,11.1723,19820.2,1223.84,unsupported,unsupported,1.01756
CHS 323.9x10,323.9,10,77.4125,98.6146,16.195,16.195,12158.3,750.747,750.747,750.747,985.665,11.1037,12158.3,750.747,750.747,750.747,985.665,11.1037,0,12158.3,12158.3,0,0,11.1037,11.1037,24316.7,1501.49,unsupported,unsupported,1.01756
CHS 323.9x12.5,323.9,12.5,95.9949,122.286,16.195,16.195,14846.5,916.735,916.735,916.735,1212.78,11.0185,14846.5,916.735,916.735,916.735,1212.78,11.0185,0,14846.5,14846.5,0,0,11.0185,11.0185,29693.1,1833.47,unsupported,unsupported,1.01756
CHS 323.9x14.2,323.9,14.2,108.455,138.159,16.195,16.195,16599.1,1024.95,1024.95,1024.95,1362.93,10.9611,16599.1,1024.95,1024.95,1024.95,1362.93,10.9611,0,16599.1,16599.1,0,0,10.9611,10.9611,33198.2,2049.9,unsupported,unsupported,1.01756
CHS 323.9x16,323.9,16,121.492,154.767,16.195,16.195,18389.9,1135.53,1135.53,1135.53,1518.2,10.9006,18389.9,1135.53,1135.53,1135.53,1518.2,10.9006,0,18389.9,18389.9,0,0,10.9006,10.9006,36779.9,2271.06,unsupported,unsupported,1.01756
CHS 355.6x5,355.6,5,43.2316,55.0721,17.78,17.78,8463.58,476.017,476.017,476.017,614.643,12.3968,8463.58,476.017,476.017,476.017,614.643,12.3968,0,8463.58,8463.58,0,0,12.3968,12.3968,16927.2,952.033,unsupported,unsupported,1.11715
CHS 355.6x6,355.6,6,51.73,65.898,17.78,17.78,10070.6,566.398,566.398,566.398,733.393,12.362,10070.6,566.398,566.398,566.398,733.393,12.362,0,10070.6,10070.6,0,0,12.362,12.362,20141.1,1132.8,unsupported,unsupported,1.11715
CHS 355.6x6.3,355.6,6.3,54.2699,69.1336,17.78,17.78,10547.2,593.206,593.206,593.206,768.749,12.3516,10547.2,593.206,593.206,593.206,768.749,12.3516,0,10547.2,10547.2,0,0,12.3516,12.3516,21094.4,1186.41,unsupported,unsupported,1.11715
CHS 355.6x7,355.6,7,60.179,76.6611,17.78,17.78,11649.7,655.214,655.214,655.214,850.768,12.3274,11649.7,655.214,655.214,655.214,850.768,12.3274,0,11649.7,11649.7,0,0,12.3274,12.3274,23299.4,1310.43,unsupported,unsupported,1.11715
CHS 355.6x8,355.6,8,68.5787,87.3614,17.78,17.78,13201.4,742.485,742.485,742.485,966.777,12.2928,13201.4,742.485,742.485,742.485,966.777,12.2928,0,13201.4,13201.4,0,0,12.2928,12.2928,26402.7,1484.97,unsupported,unsupported,1.11715
CHS 355.6x10,355.6,10,85.2302,108.573,17.78,17.78,16223.5,912.458,912.458,912.458,1194.73,12.2239,16223.5,912.458,912.458,912.458,1194.73,12.2239,0,16223.5,16223.5,0,0,12.2239,12.2239,32447,1824.92,unsupported,unsupported,1.11715
CHS 355.6x12.5,355.6,12.5,105.767,134.735,17.78,17.78,19852.2,1116.55,1116.55,1116.55,1472.12,12.1385,19852.2,1116.55,1116.55,1116.55,1472.12,12.1385,0,19852.2,19852.2,0,0,12.1385,12.1385,39704.4,2233.09,unsupported,unsupported,1.11715
CHS 355.6x14.2,355.6,14.2,119.556,152.301,17.78,17.78,22227.4,1250.14,1250.14,1250.14,1656.02,12.0807,22227.4,1250.14,1250.14,1250.14,1656.02,12.0807,0,22227.4,22227.4,0,0,12.0807,12.0807,44454.9,2500.27,unsupported,unsupported,1.11715
CHS 355.6x16,355.6,16,134.001,170.702,17.78,17.78,24663,1387.12,1387.12,1387.12,1846.62,12.02,24663,1387.12,1387.12,1387.12,1846.62,12.02,0,24663,24663,0,0,12.02,12.02,49326,2774.24,unsupported,unsupported,1.11715
CHS 406.4x5,406.4,5,49.4956,63.0518,20.32,20.32,12700.8,625.037,625.037,625.037,805.651,14.1927,12700.8,625.037,625.037,625.037,805.651,14.1927,0,12700.8,12700.8,0,0,14.1927,14.1927,25401.5,1250.07,unsupported,unsupported,1.27674
CHS 406.4x6,406.4,6,59.2468,75.4736,20.32,20.32,15128.3,744.504,744.504,744.504,961.993,14.1579,15128.3,744.504,744.504,744.504,961.993,14.1579,0,15128.3,15128.3,0,0,14.1579,14.1579,30256.7,1489.01,unsupported,unsupported,1.27674
CHS 406.4x6.3,406.4,6.3,62.1625,79.1879,20.32,20.32,15849.4,779.992,779.992,779.992,1008.59,14.1474,15849.4,779.992,779.992,779.992,1008.59,14.1474,0,15849.4,15849.4,0,0,14.1474,14.1474,31698.9,1559.98,unsupported,unsupported,1.27674
CHS 406.4x7,406.4,7,68.9486,87.8326,20.32,20.32,17519.2,862.168,862.168,862.168,1116.76,14.1231,17519.2,862.168,862.168,862.168,1116.76,14.1231,0,17519.2,17519.2,0,0,14.1231,14.1231,35038.5,1724.34,unsupported,unsupported,1.27674
CHS 406.4x8,406.4,8,78.6011,100.129,20.32,20.32,19873.9,978.046,978.046,978.046,1269.95,14.0884,19873.9,978.046,978.046,978.046,1269.95,14.0884,0,19873.9,19873.9,0,0,14.0884,14.0884,39747.8,1956.09,unsupported,unsupported,1.27674
CHS 406.4x10,406.4,10,97.7582,124.533,20.32,20.32,24475.8,1204.52,1204.52,1204.52,1571.66,14.0193,24475.8,1204.52,1204.52,1204.52,1571.66,14.0193,0,24475.8,24475.8,0,0,14.0193,14.0193,48951.6,2409.04,unsupported,unsupported,1.27674
CHS 406.4x12.5,406.4,12.5,121.427,154.684,20.32,20.32,30030.7,1477.89,1477.89,1477.89,1940.12,13.9335,30030.7,1477.89,1477.89,1477.89,1940.12,13.9335,0,30030.7,30030.7,0,0,13.9335,13.9335,60061.3,2955.77,unsupported,unsupported,1.27674
CHS 406.4x14.2,406.4,14.2,137.346,174.963,20.32,20.32,33685.3,1657.74,1657.74,1657.74,2185.21,13.8754,33685.3,1657.74,1657.74,1657.74,2185.21,13.8754,0,33685.3,33685.3,0,0,13.8754,13.8754,67370.5,3315.48,unsupported,unsupported,1.27674
CHS 406.4x16,406.4,16,154.046,196.236,20.32,20.32,37448.8,1842.95,1842.95,1842.95,2439.96,13.8143,37448.8,1842.95,1842.95,1842.95,2439.96,13.8143,0,37448.8,37448.8,0,0,13.8143,13.8143,74897.6,3685.91,unsupported,unsupported,1.27674
CHS 457x6.3,457,6.3,70.0241,89.2027,22.85,22.85,22654.2,991.429,991.429,991.429,1279.81,15.9362,22654.2,991.429,991.429,991.429,1279.81,15.9362,0,22654.2,22654.2,0,0,15.9362,15.9362,45308.3,1982.86,unsupported,unsupported,1.43571
CHS 457x7,457,7,77.6837,98.9602,22.85,22.85,25055.4,1096.51,1096.51,1096.51,1417.61,15.9118,25055.4,1096.51,1096.51,1096.51,1417.61,15.9118,0,25055.4,25055.4,0,0,15.9118,15.9118,50110.7,2193.03,unsupported,unsupported,1.43571
CHS 457x8,457,8,88.5841,112.846,22.85,22.85,28446.4,1244.92,1244.92,1244.92,1612.98,15.8771,28446.4,1244.92,1244.92,1244.92,1612.98,15.8771,0,28446.4,28446.4,0,0,15.8771,15.8771,56892.7,2489.83,unsupported,unsupported,1.43571
CHS 457x10,457,10,110.237,140.429,22.85,22.85,35091.3,1535.73,1535.73,1535.73,1998.42,15.8078,35091.3,1535.73,1535.73,1535.73,1998.42,15.8078,0,35091.3,35091.3,0,0,15.8078,15.8078,70182.6,3071.45,unsupported,unsupported,1.43571
CHS 508x6.3,508,6.3,77.9479,99.2966,25.4,25.4,31246.5,1230.18,1230.18,1230.18,1585.81,17.7392,31246.5,1230.18,1230.18,1230.18,1585.81,17.7392,0,31246.5,31246.5,0,0,17.7392,17.7392,62493,2460.35,unsupported,unsupported,1.59593
CHS 508x7,508,7,86.4879,110.176,25.4,25.4,34574.5,1361.2,1361.2,1361.2,1757.12,17.7148,34574.5,1361.2,1361.2,1361.2,1757.12,17.7148,0,34574.5,34574.5,0,0,17.7148,17.7148,69149,2722.4,unsupported,unsupported,1.59593
CHS 508x8,508,8,98.646,125.664,25.4,25.4,39280,1546.46,1546.46,1546.46,2000.17,17.6799,39280,1546.46,1546.46,1546.46,2000.17,17.6799,0,39280,39280,0,0,17.6799,17.6799,78559.9,3092.91,unsupported,unsupported,1.59593
CHS 508x10,508,10,122.814,156.451,25.4,25.4,48520.2,1910.25,1910.25,1910.25,2480.37,17.6105,48520.2,1910.25,1910.25,1910.25,2480.37,17.6105,0,48520.2,48520.2,0,0,17.6105,17.6105,97040.5,3820.49,unsupported,unsupported,1.59593
