designation,b_mm,t_mm,mass_kg_m,A_cm2,ys_cm,zs_cm,Iy_cm4,Wel_y_cm3,Wel_y_bottom_cm3,Wel_y_top_cm3,Wpl_y_cm3,i_y_cm,Iz_cm4,Wel_z_cm3,Wel_z_left_cm3,Wel_z_right_cm3,Wpl_z_cm3,i_z_cm,Iyz_cm4,Iu_cm4,Iv_cm4,alpha_deg,tan_alpha,i_u_cm,i_v_cm,It_cm4,Wt_cm3,Iw_cm6,ym_cm,surface_m2_m
FLAT 160x5,160,5,6.28,8,0.25,8,170.667,21.3333,21.3333,21.3333,32,4.6188,0.166667,0.666667,0.666667,0.666667,1,0.144338,0,170.667,0.166667,0,0,4.6188,0.144338,unsupported,unsupported,unsupported,unsupported,0.33
FLAT 160x6,160,6,7.536,9.6,0.3,8,204.8,25.6,25.6,25.6,38.4,4.6188,0.288,0.96,0.96,0.96,1.44,0.173205,0,204.8,0.288,0,0,4.6188,0.173205,unsupported,unsupported,unsupported,unsupported,0.332
FLAT 160x8,160,8,10.048,12.8,0.4,8,273.067,34.1333,34.1333,34.1333,51.2,4.6188,0.682667,1.70667,1.70667,1.70667,2.56,0.23094,0,273.067,0.682667,0,0,4.6188,0.23094,unsupported,unsupported,unsupported,unsupported,0.336
FLAT 160x10,160,10,12.56,16,0.5,8,341.333,42.6667,42.6667,42.6667,64,4.6188,1.33333,2.66667,2.66667,2.66667,4,0.288675,0,341.333,1.33333,0,0,4.6188,0.288675,unsupported,unsupported,unsupported,unsupported,0.34
FLAT 160x12,160,12,15.072,19.2,0.6,8,409.6,51.2,51.2,51.2,76.8,4.6188,2.304,3.84,3.84,3.84,5.76,0.34641,0,409.6,2.304,0,0,4.6188,0.34641,unsupported,unsupported,unsupported,unsupported,0.344
FLAT 160x15,160,15,18.84,24,0.75,8,512,64,64,64,96,4.6188,4.5,6,6,6,9,0.433013,0,512,4.5,0,0,4.6188,0.433013,unsupported,unsupported,unsupported,unsupported,0.35
FLAT 160x20,160,20,25.12,32,1,8,682.667,85.3333,85.3333,85.3333,128,4.6188,10.6667,10.6667,10.6667,10.6667,16,0.57735,0,682.667,10.6667,0,0,4.6188,0.57735,unsupported,unsupported,unsupported,unsupported,0.36
FLAT 160x25,160,25,31.4,40,1.25,8,853.333,106.667,106.667,106.667,160,4.6188,20.8333,16.6667,16.6667,16.6667,25,0.721688,0,853.333,20.8333,0,0,4.6188,0.721688,unsupported,unsupported,unsupported,unsupported,0.37
FLAT 160x30,160,30,37.68,48,1.5,8,1024,128,128,128,192,4.6188,36,24,24,24,36,0.866025,0,1024,36,0,0,4.6188,0.866025,unsupported,unsupported,unsupported,unsupported,0.38
FLAT 165x5,165,5,6.47625,8.25,0.25,8.25,187.172,22.6875,22.6875,22.6875,34.0312,4.76314,0.171875,0.6875,0.6875,0.6875,1.03125,0.144338,0,187.172,0.171875,0,0,4.76314,0.144338,unsupported,unsupported,unsupported,unsupported,0.34
FLAT 165x6,165,6,7.7715,9.9,0.3,8.25,224.606,27.225,27.225,27.225,40.8375,4.76314,0.297,0.99,0.99,0.99,1.485,0.173205,0,224.606,0.297,0,0,4.76314,0.173205,unsupported,unsupported,unsupported,unsupported,0.342
FLAT 165x8,165,8,10.362,13.2,0.4,8.25,299.475,36.3,36.3,36.3,54.45,4.76314,0.704,1.76,1.76,1.76,2.64,0.23094,0,299.475,0.704,0,0,4.76314,0.23094,unsupported,unsupported,unsupported,unsupported,0.346
FLAT 165x10,165,10,12.9525,16.5,0.5,8.25,374.344,45.375,45.375,45.375,68.0625,4.76314,1.375,2.75,2.75,2.75,4.125,0.288675,0,374.344,1.375,0,0,4.76314,0.288675,unsupported,unsupported,unsupported,unsupported,0.35
FLAT 165x12,165,12,15.543,19.8,0.6,8.25,449.212,54.45,54.45,54.45,81.675,4.76314,2.376,3.96,3.96,3.96,5.94,0.34641,0,449.212,2.376,0,0,4.76314,0.34641,unsupported,unsupported,unsupported,unsupported,0.354
FLAT 165x15,165,15,19.4287,24.75,0.75,8.25,561.516,68.0625,68.0625,68.0625,102.094,4.76314,4.64062,6.1875,6.1875,6.1875,9.28125,0.433013,0,561.516,4.64062,0,0,4.76314,0.433013,unsupported,unsupported,unsupported,unsupported,0.36
FLAT 165x20,165,20,25.905,33,1,8.25,748.688,90.75,90.75,90.75,136.125,4.76314,11,11,11,11,16.5,0.57735,0,748.688,11,0,0,4.76314,0.57735,unsupported,unsupported,unsupported,unsupported,0.37
FLAT 165x25,165,25,32.3813,41.25,1.25,8.25,935.859,113.438,113.438,113.438,170.156,4.76314,21.4844,17.1875,17.1875,17.1875,25.7812,0.721688,0,935.859,21.4844,0,0,4.76314,0.721688,unsupported,unsupported,unsupported,unsupported,0.38
FLAT 165x30,165,30,38.8575,49.5,1.5,8.25,1123.03,136.125,136.125,136.125,204.188,4.76314,37.125,24.75,24.75,24.75,37.125,0.866025,0,1123.03,37.125,0,0,4.76314,0.866025,unsupported,unsupported,unsupported,unsupported,0.39
FLAT 170x5,170,5,6.6725,8.5,0.25,8.5,204.708,24.0833,24.0833,24.0833,36.125,4.90748,0.177083,0.708333,0.708333,0.708333,1.0625,0.144338,0,204.708,0.177083,0,0,4.90748,0.144338,unsupported,unsupported,unsupported,unsupported,0.35
FLAT 170x6,170,6,8.007,10.2,0.3,8.5,245.65,28.9,28.9,28.9,43.35,4.90748,0.306,1.02,1.02,1.02,1.53,0.173205,0,245.65,0.306,0,0,4.90748,0.173205,unsupported,unsupported,unsupported,unsupported,0.352
FLAT 170x8,170,8,10.676,13.6,0.4,8.5,327.533,38.5333,38.5333,38.5333,57.8,4.90748,0.725333,1.81333,1.81333,1.81333,2.72,0.23094,0,327.533,0.725333,0,0,4.90748,0.23094,unsupported,unsupported,unsupported,unsupported,0.356
FLAT 170x10,170,10,13.345,17,0.5,8.5,409.417,48.1667,48.1667,48.1667,72.25,4.90748,1.41667,2.83333,2.83333,2.83333,4.25,0.288675,0,409.417,1.41667,0,0,4.90748,0.288675,unsupported,unsupported,unsupported,unsupported,0.36
FLAT 170x12,170,12,16.014,20.4,0.6,8.5,491.3,57.8,57.8,57.8,86.7,4.90748,2.448,4.08,4.08,4.08,6.12,0.34641,0,491.3,2.448,0,0,4.90748,0.34641,unsupported,unsupported,unsupported,unsupported,0.364
FLAT 170x15,170,15,20.0175,25.5,0.75,8.5,614.125,72.25,72.25,72.25,108.375,4.90748,4.78125,6.375,6.375,6.375,9.5625,0.433013,0,614.125,4.78125,0,0,4.90748,0.433013,unsupported,unsupported,unsupported,unsupported,0.37
FLAT 170x20,170,20,26.69,34,1,8.5,818.833,96.3333,96.3333,96.3333,144.5,4.90748,11.3333,11.3333,11.3333,11.3333,17,0.57735,0,818.833,11.3333,0,0,4.90748,0.57735,unsupported,unsupported,unsupported,unsupported,0.38
FLAT 180x5,180,5,7.065,9,0.25,9,243,27,27,27,40.5,5.19615,0.1875,0.75,0.75,0.75,1.125,0.144338,0,243,0.1875,0,0,5.19615,0.144338,unsupported,unsupported,unsupported,unsupported,0.37
FLAT 180x6,180,6,8.478,10.8,0.3,9,291.6,32.4,32.4,32.4,48.6,5.19615,0.324,1.08,1.08,1.08,1.62,0.173205,0,291.6,0.324,0,0,5.19615,0.173205,unsupported,unsupported,unsupported,unsupported,0.372
FLAT 180x8,180,8,11.304,14.4,0.4,9,388.8,43.2,43.2,43.2,64.8,5.19615,0.768,1.92,1.92,1.92,2.88,0.23094,0,388.8,0.768,0,0,5.19615,0.23094,unsupported,unsupported,unsupported,unsupported,0.376
FLAT 180x10,180,10,14.13,18,0.5,9,486,54,54,54,81,5.19615,1.5,3,3,3,4.5,0.288675,0,486,1.5,0,0,5.19615,0.288675,unsupported,unsupported,unsupported,unsupported,0.38
FLAT 180x12,180,12,16.956,21.6,0.6,9,583.2,64.8,64.8,64.8,97.2,5.19615,2.592,4.32,4.32,4.32,6.48,0.34641,0,583.2,2.592,0,0,5.19615,0.34641,unsupported,unsupported,unsupported,unsupported,0.384
FLAT 180x15,180,15,21.195,27,0.75,9,729,81,81,81,121.5,5.19615,5.0625,6.75,6.75,6.75,10.125,0.433013,0,729,5.0625,0,0,5.19615,0.433013,unsupported,unsupported,unsupported,unsupported,0.39
FLAT 180x20,180,20,28.26,36,1,9,972,108,108,108,162,5.19615,12,12,12,12,18,0.57735,0,972,12,0,0,5.19615,0.57735,unsupported,unsupported,unsupported,unsupported,0.4
FLAT 180x25,180,25,35.325,45,1.25,9,1215,135,135,135,202.5,5.19615,23.4375,18.75,18.75,18.75,28.125,0.721688,0,1215,23.4375,0,0,5.19615,0.721688,unsupported,unsupported,unsupported,unsupported,0.41
FLAT 180x30,180,30,42.39,54,1.5,9,1458,162,162,162,243,5.19615,40.5,27,27,27,40.5,0.866025,0,1458,40.5,0,0,5.19615,0.866025,unsupported,unsupported,unsupported,unsupported,0.42
FLAT 180x40,180,40,56.52,72,2,9,1944,216,216,216,324,5.19615,96,48,48,48,72,1.1547,0,1944,96,0,0,5.19615,1.1547,unsupported,unsupported,unsupported,unsupported,0.44
FLAT 180x50,180,50,70.65,90,2.5,9,2430,270,270,270,405,5.19615,187.5,75,75,75,112.5,1.44338,0,2430,187.5,0,0,5.19615,1.44338,unsupported,unsupported,unsupported,unsupported,0.46
FLAT 200x5,200,5,7.85,10,0.25,10,333.333,33.3333,33.3333,33.3333,50,5.7735,0.208333,0.833333,0.833333,0.833333,1.25,0.144338,0,333.333,0.208333,0,0,5.7735,0.144338,unsupported,unsupported,unsupported,unsupported,0.41
FLAT 200x6,200,6,9.42,12,0.3,10,400,40,40,40,60,5.7735,0.36,1.2,1.2,1.2,1.8,0.173205,0,400,0.36,0,0,5.7735,0.173205,unsupported,unsupported,unsupported,unsupported,0.412
FLAT 200x8,200,8,12.56,16,0.4,10,533.333,53.3333,53.3333,53.3333,80,5.7735,0.853333,2.13333,2.13333,2.13333,3.2,0.23094,0,533.333,0.853333,0,0,5.7735,0.23094,unsupported,unsupported,unsupported,unsupported,0.416
FLAT 200x10,200,10,15.7,20,0.5,10,666.667,66.6667,66.6667,66.6667,100,5.7735,1.66667,3.33333,3.33333,3.33333,5,0.288675,0,666.667,1.66667,0,0,5.7735,0.288675,unsupported,unsupported,unsupported,unsupported,0.42
FLAT 200x12,200,12,18.84,24,0.6,10,800,80,80,80,120,5.7735,2.88,4.8,4.8,4.8,7.2,0.34641,0,800,2.88,0,0,5.7735,0.34641,unsupported,unsupported,unsupported,unsupported,0.424
FLAT 200x15,200,15,23.55,30,0.75,10,1000,100,100,100,150,5.7735,5.625,7.5,7.5,7.5,11.25,0.433013,0,1000,5.625,0,0,5.7735,0.433013,unsupported,unsupported,unsupported,unsupported,0.43
FLAT 200x20,200,20,31.4,40,1,10,1333.33,133.333,133.333,133.333,200,5.7735,13.3333,13.3333,13.3333,13.3333,20,0.57735,0,1333.33,13.3333,0,0,5.7735,0.57735,unsupported,unsupported,unsupported,unsupported,0.44
FLAT 200x25,200,25,39.25,50,1.25,10,1666.67,166.667,166.667,166.667,250,5.7735,26.0417,20.8333,20.8333,20.8333,31.25,0.721688,0,1666.67,26.0417,0,0,5.7735,0.721688,unsupported,unsupported,unsupported,unsupported,0.45
FLAT 200x30,200,30,47.1,60,1.5,10,2000,200,200,200,300,5.7735,45,30,30,30,45,0.866025,0,2000,45,0,0,5.7735,0.866025,unsupported,unsupported,unsupported,unsupported,0.46
FLAT 200x40,200,40,62.8,80,2,10,2666.67,266.667,266.667,266.667,400,5.7735,106.667,53.3333,53.3333,53.3333,80,1.1547,0,2666.67,106.667,0,0,5.7735,1.1547,unsupported,unsupported,unsupported,unsupported,0.48
FLAT 200x50,200,50,78.5,100,2.5,10,3333.33,333.333,333.333,333.333,500,5.7735,208.333,83.3333,83.3333,83.3333,125,1.44338,0,3333.33,208.333,0,0,5.7735,1.44338,unsupported,unsupported,unsupported,unsupported,0.5
FLAT 220x6,220,6,10.362,13.2,0.3,11,532.4,48.4,48.4,48.4,72.6,6.35085,0.396,1.32,1.32,1.32,1.98,0.173205,0,532.4,0.396,0,0,6.35085,0.173205,unsupported,unsupported,unsupported,unsupported,0.452
FLAT 220x8,220,8,13.816,17.6,0.4,11,709.867,64.5333,64.5333,64.5333,96.8,6.35085,0.938667,2.34667,2.34667,2.34667,3.52,0.23094,0,709.867,0.938667,0,0,6.35085,0.23094,unsupported,unsupported,unsupported,unsupported,0.456
FLAT 220x10,220,10,17.27,22,0.5,11,887.333,80.6667,80.6667,80.6667,121,6.35085,1.83333,3.66667,3.66667,3.66667,5.5,0.288675,0,887.333,1.83333,0,0,6.35085,0.288675,unsupported,unsupported,unsupported,unsupported,0.46
FLAT 220x12,220,12,20.724,26.4,0.6,11,1064.8,96.8,96.8,96.8,145.2,6.35085,3.168,5.28,5.28,5.28,7.92,0.34641,0,1064.8,3.168,0,0,6.35085,0.34641,unsupported,unsupported,unsupported,unsupported,0.464
FLAT 220x15,220,15,25.905,33,0.75,11,1331,121,121,121,181.5,6.35085,6.1875,8.25,8.25,8.25,12.375,0.433013,0,1331,6.1875,0,0,6.35085,0.433013,unsupported,unsupported,unsupported,unsupported,0.47
FLAT 220x20,220,20,34.54,44,1,11,1774.67,161.333,161.333,161.333,242,6.35085,14.6667,14.6667,14.6667,14.6667,22,0.57735,0,1774.67,14.6667,0,0,6.35085,0.57735,unsupported,unsupported,unsupported,unsupported,0.48
FLAT 220x25,220,25,43.175,55,1.25,11,2218.33,201.667,201.667,201.667,302.5,6.35085,28.6458,22.9167,22.9167,22.9167,34.375,0.721688,0,2218.33,28.6458,0,0,6.35085,0.721688,unsupported,unsupported,unsupported,unsupported,0.49
FLAT 220x30,220,30,51.81,66,1.5,11,2662,242,242,242,363,6.35085,49.5,33,33,33,49.5,0.866025,0,2662,49.5,0,0,6.35085,0.866025,unsupported,unsupported,unsupported,unsupported,0.5
FLAT 230x6,230,6,10.833,13.8,0.3,11.5,608.35,52.9,52.9,52.9,79.35,6.63953,0.414,1.38,1.38,1.38,2.07,0.173205,0,608.35,0.414,0,0,6.63953,0.173205,unsupported,unsupported,unsupported,unsupported,0.472
FLAT 230x8,230,8,14.444,18.4,0.4,11.5,811.133,70.5333,70.5333,70.5333,105.8,6.63953,0.981333,2.45333,2.45333,2.45333,3.68,0.23094,0,811.133,0.981333,0,0,6.63953,0.23094,unsupported,unsupported,unsupported,unsupported,0.476
FLAT 230x10,230,10,18.055,23,0.5,11.5,1013.92,88.1667,88.1667,88.1667,132.25,6.63953,1.91667,3.83333,3.83333,3.83333,5.75,0.288675,0,1013.92,1.91667,0,0,6.63953,0.288675,unsupported,unsupported,unsupported,unsupported,0.48
FLAT 230x12,230,12,21.666,27.6,0.6,11.5,1216.7,105.8,105.8,105.8,158.7,6.63953,3.312,5.52,5.52,5.52,8.28,0.34641,0,1216.7,3.312,0,0,6.63953,0.34641,unsupported,unsupported,unsupported,unsupported,0.484
FLAT 230x15,230,15,27.0825,34.5,0.75,11.5,1520.88,132.25,132.25,132.25,198.375,6.63953,6.46875,8.625,8.625,8.625,12.9375,0.433013,0,1520.88,6.46875,0,0,6.63953,0.433013,unsupported,unsupported,unsupported,unsupported,0.49
FLAT 230x20,230,20,36.11,46,1,11.5,2027.83,176.333,176.333,176.333,264.5,6.63953,15.3333,15.3333,15.3333,15.3333,23,0.57735,0,2027.83,15.3333,0,0,6.63953,0.57735,unsupported,unsupported,unsupported,unsupported,0.5
FLAT 230x25,230,25,45.1375,57.5,1.25,11.5,2534.79,220.417,220.417,220.417,330.625,6.63953,29.9479,23.9583,23.9583,23.9583,35.9375,0.721688,0,2534.79,29.9479,0,0,6.63953,0.721688,unsupported,unsupported,unsupported,unsupported,0.51
