designation,h_mm,b_mm,tw_mm,tf_mm,r_mm,mass_kg_m,A_cm2,ys_cm,zs_cm,Iy_cm4,Wel_y_cm3,Wel_y_bottom_cm3,Wel_y_top_cm3,Wpl_y_cm3,i_y_cm,Iz_cm4,Wel_z_cm3,Wel_z_left_cm3,Wel_z_right_cm3,Wpl_z_cm3,i_z_cm,Iyz_cm4,Iu_cm4,Iv_cm4,alpha_deg,tan_alpha,i_u_cm,i_v_cm,It_cm4,Wt_cm3,Iw_cm6,ym_cm,surface_m2_m
IPE 80,80,46,3.8,5.2,5,6.00007,7.6434,2.3,4,80.1377,20.0344,20.0344,20.0344,23.217,3.23799,8.48903,3.69088,3.69088,3.69088,5.8176,1.05387,0,80.1377,8.48903,0,0,3.23799,1.05387,0.697675,unsupported,117.996,unsupported,0.327816
IPE 100,100,55,4.1,5.7,7,8.10373,10.3232,2.75,5,171.012,34.2024,34.2024,34.2024,39.4068,4.07011,15.9187,5.78861,5.78861,5.78861,9.14559,1.24178,0,171.012,15.9187,0,0,4.07011,1.24178,1.20202,unsupported,351.378,unsupported,0.399782
IPE 120,120,64,4.4,6.3,7,10.37,13.2102,3.2,6,317.753,52.9589,52.9589,52.9589,60.725,4.90445,27.6682,8.64631,8.64631,8.64631,13.5805,1.44722,0,317.753,27.6682,0,0,4.90445,1.44722,1.73546,unsupported,889.591,unsupported,0.475182
IPE 140,140,73,4.7,6.9,7,12.8944,16.426,3.65,7,541.224,77.3177,77.3177,77.3177,88.3444,5.74014,44.9178,12.3062,12.3062,12.3062,19.2466,1.65365,0,541.224,44.9178,0,0,5.74014,1.65365,2.44684,unsupported,1981.36,unsupported,0.550582
IPE 160,160,82,5,7.4,9,15.7717,20.0913,4.1,8,869.293,108.662,108.662,108.662,123.86,6.57777,68.3146,16.6621,16.6621,16.6621,26.0999,1.84396,0,869.293,68.3146,0,0,6.57777,1.84396,3.60434,unsupported,3958.87,unsupported,0.622549
IPE 180,180,91,5.3,8,9,18.7986,23.9473,4.55,9,1316.96,146.329,146.329,146.329,166.415,7.4158,100.85,22.1649,22.1649,22.1649,34.5997,2.05216,0,1316.96,100.85,0,0,7.4158,2.05216,4.79012,unsupported,7431.21,unsupported,0.697949
IPE 200,200,100,5.6,8.5,12,22.36,28.4841,5,10,1943.17,194.317,194.317,194.317,220.639,8.2595,142.368,28.4737,28.4737,28.4737,44.6122,2.23566,0,1943.17,142.368,0,0,8.2595,2.23566,6.98012,unsupported,12988.1,unsupported,0.768198
IPE 220,220,110,5.9,9.2,12,26.1958,33.3705,5.5,11,2771.84,251.985,251.985,251.985,285.406,9.11386,204.886,37.252,37.252,37.252,58.1104,2.47785,0,2771.84,204.886,0,0,9.11386,2.47785,9.06576,unsupported,22672.3,unsupported,0.847598
IPE 240,240,120,6.2,9.8,15,30.7062,39.1162,6,12,3891.63,324.302,324.302,324.302,366.645,9.97441,283.634,47.2724,47.2724,47.2724,73.9239,2.69278,0,3891.63,283.634,0,0,9.97441,2.69278,12.8798,unsupported,37391.2,unsupported,0.921848
IPE 270,270,135,6.6,10.2,15,36.0668,45.945,6.75,13.5,5789.78,428.873,428.873,428.873,483.997,11.2257,419.869,62.2028,62.2028,62.2028,96.9501,3.023,0,5789.78,419.869,0,0,11.2257,3.023,15.9448,unsupported,70577.9,unsupported,1.04105
IPE 300,300,150,7.1,10.7,15,42.2424,53.812,7.5,15,8356.11,557.074,557.074,557.074,628.356,12.4613,603.778,80.5038,80.5038,80.5038,125.219,3.34965,0,8356.11,603.778,0,0,12.4613,3.34965,20.1185,unsupported,125934,unsupported,1.16005
IPE 330,330,160,7.5,11.5,18,49.1459,62.6062,8,16.5,11766.9,713.146,713.146,713.146,804.331,13.7095,788.142,98.5178,98.5178,98.5178,153.678,3.54808,0,11766.9,788.142,0,0,13.7095,3.54808,28.1453,unsupported,199097,unsupported,1.2541
IPE 360,360,170,8,12.7,18,57.0925,72.7292,8.5,18,16265.6,903.646,903.646,903.646,1019.15,14.9548,1043.45,122.759,122.759,122.759,191.099,3.78775,0,16265.6,1043.45,0,0,14.9548,3.78775,37.3209,unsupported,313580,unsupported,1.3531
IPE 400,400,180,8.6,13.5,21,66.3039,84.4636,9,20,23128.4,1156.42,1156.42,1156.42,1307.15,16.5477,1317.82,146.425,146.425,146.425,229,3.94997,0,23128.4,1317.82,0,0,16.5477,3.94997,51.0755,unsupported,490048,unsupported,1.46675
IPE 450,450,190,9.4,14.6,21,77.5743,98.8208,9.5,22.5,33742.9,1499.69,1499.69,1499.69,1701.79,18.4785,1675.86,176.406,176.406,176.406,276.38,4.11808,0,33742.9,1675.86,0,0,18.4785,4.11808,66.874,unsupported,791005,unsupported,1.60515
IPE 500,500,200,10.2,16,21,90.6844,115.522,10,25,48198.5,1927.94,1927.94,1927.94,2194.12,20.4261,2141.69,214.169,214.169,214.169,335.879,4.30573,0,48198.5,2141.69,0,0,20.4261,4.30573,89.2871,unsupported,1249370,unsupported,1.74355
IPE 550,550,210,11.1,17.2,24,105.517,134.416,10.5,27.5,67116.5,2440.6,2440.6,2440.6,2787.01,22.3455,2667.58,254.056,254.056,254.056,400.537,4.45485,0,67116.5,2667.58,0,0,22.3455,4.45485,123.236,unsupported,1884100,unsupported,1.8766
IPE 600,600,220,12,19,24,122.448,155.984,11,30,92083.5,3069.45,3069.45,3069.45,3512.4,24.2969,3387.34,307.94,307.94,307.94,485.649,4.66003,0,92083.5,3387.34,0,0,24.2969,4.66003,165.417,unsupported,2845530,unsupported,2.0148
