designation,b_mm,t_mm,r1_mm,r2_mm,mass_kg_m,A_cm2,ys_cm,zs_cm,Iy_cm4,Wel_y_cm3,Wel_y_bottom_cm3,Wel_y_top_cm3,Wpl_y_cm3,i_y_cm,Iz_cm4,Wel_z_cm3,Wel_z_left_cm3,Wel_z_right_cm3,Wpl_z_cm3,i_z_cm,Iyz_cm4,Iu_cm4,Iv_cm4,alpha_deg,tan_alpha,i_u_cm,i_v_cm,It_cm4,Wt_cm3,Iw_cm6,ym_cm,surface_m2_m,Avy_cm2,Avz_cm2
L 40x40x4,40,4,6,3,2.41672,3.07863,1.11961,1.11961,4.47298,1.55291,3.99512,1.55291,unsupported,1.20537,4.47298,1.55291,3.99512,1.55291,unsupported,1.20537,-2.6146,7.08758,1.85838,45,1,1.5173,0.776941,0.187528,unsupported,unsupported,unsupported,0.15485,unsupported,unsupported
L 40x40x5,40,5,6,3,2.97407,3.78863,1.16194,1.16194,5.42699,1.91222,4.67063,1.91222,unsupported,1.19685,5.42699,1.91222,4.67063,1.91222,unsupported,1.19685,-3.16589,8.59289,2.2611,45,1,1.50601,0.772536,0.352122,unsupported,unsupported,unsupported,0.15485,unsupported,unsupported
L 45x45x5,45,5,7,3.5,3.37752,4.30258,1.27928,1.27928,7.84099,2.43454,6.12924,2.43454,unsupported,1.34996,7.84099,2.43454,6.12924,2.43454,unsupported,1.34996,-4.57945,12.4204,3.26154,45,1,1.69904,0.870657,0.408005,unsupported,unsupported,unsupported,0.173991,unsupported,unsupported
L 50x50x5,50,5,7,3.5,3.77002,4.80258,1.40363,1.40363,10.9643,3.04871,7.81138,3.04871,unsupported,1.51096,10.9643,3.04871,7.81138,3.04871,unsupported,1.51096,-6.41734,17.3816,4.54695,45,1,1.90243,0.973022,0.449671,unsupported,unsupported,unsupported,0.193991,unsupported,unsupported
L 50x50x6,50,6,7,3.5,4.46867,5.69258,1.44547,1.44547,12.8406,3.61247,8.88339,3.61247,unsupported,1.50189,12.8406,3.61247,8.88339,3.61247,unsupported,1.50189,-7.50213,20.3428,5.33852,45,1,1.89039,0.968402,0.75457,unsupported,unsupported,unsupported,0.193991,unsupported,unsupported
L 50x50x8,50,8,7,3.5,5.81887,7.41258,1.52392,1.52392,16.2828,4.68425,10.6848,4.68425,unsupported,1.48211,16.2828,4.68425,10.6848,4.68425,unsupported,1.48211,-9.40849,25.6913,6.87433,45,1,1.8617,0.963009,1.7123,unsupported,unsupported,unsupported,0.193991,unsupported,unsupported
L 55x55x6,55,6,8,4,4.95231,6.30867,1.56303,1.56303,17.2872,4.39098,11.0601,4.39098,unsupported,1.65536,17.2872,4.39098,11.0601,4.39098,unsupported,1.65536,-10.1079,27.3951,7.17928,45,1,2.08385,1.06677,0.849991,unsupported,unsupported,unsupported,0.213133,unsupported,unsupported
L 60x60x6,60,6,8,4,5.42331,6.90867,1.68751,1.68751,22.7925,5.28522,13.5066,5.28522,unsupported,1.81635,22.7925,5.28522,13.5066,5.28522,unsupported,1.81635,-13.3518,36.1442,9.44069,45,1,2.2873,1.16897,0.921991,unsupported,unsupported,unsupported,0.233133,unsupported,unsupported
L 60x60x8,60,8,8,4,7.08751,9.02867,1.76893,1.76893,29.1532,6.89025,16.4807,6.89025,unsupported,1.79693,29.1532,6.89025,16.4807,6.89025,unsupported,1.79693,-16.9926,46.1457,12.1606,45,1,2.26076,1.16055,2.09433,unsupported,unsupported,unsupported,0.233133,unsupported,unsupported
L 60x60x10,60,10,8,4,8.68891,11.0687,1.84554,1.84554,34.9321,8.40833,18.9278,8.40833,unsupported,1.7765,34.9321,8.40833,18.9278,8.40833,unsupported,1.7765,-20.1305,55.0626,14.8016,45,1,2.23039,1.1564,3.96009,unsupported,unsupported,unsupported,0.233133,unsupported,unsupported
L 65x65x7,65,7,9,4.5,6.82708,8.69691,1.84674,1.84674,33.4319,7.18463,18.1032,7.18463,unsupported,1.96064,33.4319,7.18463,18.1032,7.18463,unsupported,1.96064,-19.5641,52.9961,13.8678,45,1,2.46853,1.26276,1.58066,unsupported,unsupported,unsupported,0.252274,unsupported,unsupported
L 70x70x7,70,7,9,4.5,7.37658,9.39691,1.97131,1.97131,42.2977,8.41129,21.4567,8.41129,unsupported,2.12161,42.2977,8.41129,21.4567,8.41129,unsupported,2.12161,-24.793,67.0907,17.5048,45,1,2.67201,1.36485,1.69499,unsupported,unsupported,unsupported,0.272274,unsupported,unsupported
L 70x70x9,70,9,9,4.5,9.32338,11.8769,2.0525,2.0525,52.4666,10.6047,25.5623,10.6047,unsupported,2.10179,52.4666,10.6047,25.5623,10.6047,unsupported,2.10179,-30.6246,83.0912,21.842,45,1,2.645,1.35611,3.47621,unsupported,unsupported,unsupported,0.272274,unsupported,unsupported
L 75x75x8,75,8,9,4.5,8.98583,11.4469,2.13735,2.13735,59.1289,11.0261,27.6646,11.0261,unsupported,2.27277,59.1289,11.0261,27.6646,11.0261,unsupported,2.27277,-34.6731,93.802,24.4558,45,1,2.86261,1.46166,2.65254,unsupported,unsupported,unsupported,0.292274,unsupported,unsupported
L 80x80x8,80,8,10,5,9.62983,12.2673,2.25506,2.25506,72.2469,12.5757,32.0377,12.5757,unsupported,2.42681,72.2469,12.5757,32.0377,12.5757,unsupported,2.42681,-42.3669,114.614,29.88,45,1,3.05664,1.56069,2.87546,unsupported,unsupported,unsupported,0.311416,unsupported,unsupported
L 80x80x10,80,10,10,5,11.8592,15.1073,2.33607,2.33607,87.5033,15.4492,37.4575,15.4492,unsupported,2.40668,87.5033,15.4492,37.4575,15.4492,unsupported,2.40668,-51.1283,138.632,36.375,45,1,3.02927,1.5517,5.44644,unsupported,unsupported,unsupported,0.311416,unsupported,unsupported
L 80x80x12,80,12,10,5,14.0258,17.8673,2.41334,2.41334,101.693,18.2029,42.138,18.2029,unsupported,2.38571,101.693,18.2029,42.138,18.2029,unsupported,2.38571,-58.9915,160.685,42.7018,45,1,2.99887,1.54594,9.1816,unsupported,unsupported,unsupported,0.311416,unsupported,unsupported
L 90x90x9,90,9,11,5.5,12.1831,15.5198,2.53877,2.53877,115.833,17.9274,45.6257,17.9274,unsupported,2.73195,115.833,17.9274,45.6257,17.9274,unsupported,2.73195,-67.9503,183.783,47.8829,45,1,3.4412,1.75649,4.58645,unsupported,unsupported,unsupported,0.350558,unsupported,unsupported
L 100x100x10,100,10,12,6,15.0363,19.1545,2.82245,2.82245,176.676,24.6152,62.5967,24.6152,unsupported,3.03706,176.676,24.6152,62.5967,24.6152,unsupported,3.03706,-103.671,280.347,73.0055,45,1,3.82572,1.95228,6.96728,unsupported,unsupported,unsupported,0.389699,unsupported,unsupported
L 100x100x12,100,12,12,6,17.8309,22.7145,2.90321,2.90321,206.688,29.1242,71.1928,29.1242,unsupported,3.01652,206.688,29.1242,71.1928,29.1242,unsupported,3.01652,-120.938,327.626,85.7498,45,1,3.79785,1.94296,11.7545,unsupported,unsupported,unsupported,0.389699,unsupported,unsupported
L 100x100x14,100,14,12,6,20.5627,26.1945,2.98091,2.98091,235.003,33.4805,78.836,33.4805,unsupported,2.99524,235.003,33.4805,78.836,33.4805,unsupported,2.99524,-136.798,371.801,98.2047,45,1,3.76747,1.93625,18.2956,unsupported,unsupported,unsupported,0.389699,unsupported,unsupported
L 110x110x10,110,10,13,6.5,16.6274,21.1813,3.06431,3.06431,237.98,29.9886,77.6617,29.9886,unsupported,3.35192,237.98,29.9886,77.6617,29.9886,unsupported,3.35192,-139.733,377.713,98.2468,45,1,4.22284,2.15369,7.74232,unsupported,unsupported,unsupported,0.428841,unsupported,unsupported
L 120x120x10,120,10,13,6.5,18.1974,23.1813,3.31368,3.31368,312.938,36.0266,94.4382,36.0266,unsupported,3.67418,312.938,36.0266,94.4382,36.0266,unsupported,3.67418,-184.037,496.976,128.901,45,1,4.63018,2.35808,8.40899,unsupported,unsupported,unsupported,0.468841,unsupported,unsupported
L 120x120x12,120,12,13,6.5,21.62,27.5413,3.39657,3.39657,367.667,42.7349,108.247,42.7349,unsupported,3.65371,367.667,42.7349,108.247,42.7349,unsupported,3.65371,-216.047,583.713,151.62,45,1,4.6037,2.34631,14.2112,unsupported,unsupported,unsupported,0.468841,unsupported,unsupported
L 120x120x15,120,15,13,6.5,26.6361,33.9313,3.51487,3.51487,444.888,52.4314,126.573,52.4314,unsupported,3.62097,444.888,52.4314,126.573,52.4314,unsupported,3.62097,-260.224,705.112,184.664,45,1,4.55857,2.33287,27.0384,unsupported,unsupported,unsupported,0.468841,unsupported,unsupported
L 130x130x12,130,12,14,7,23.5267,29.9703,3.63933,3.63933,472.175,50.4424,129.742,50.4424,unsupported,3.96922,472.175,50.4424,129.742,50.4424,unsupported,3.96922,-277.659,749.834,194.515,45,1,5.00192,2.5476,15.5291,unsupported,unsupported,unsupported,0.507982,unsupported,unsupported
L 140x140x13,140,13,15,7.5,27.4369,34.9514,3.923,3.923,638.539,63.366,162.768,63.366,unsupported,4.27426,638.539,63.366,162.768,63.366,unsupported,4.27426,-375.505,1014.04,263.034,45,1,5.38637,2.7433,21.2308,unsupported,unsupported,unsupported,0.547124,unsupported,unsupported
L 140x140x15,140,15,15,7.5,31.3933,39.9914,4.00381,4.00381,723.329,72.3605,180.66,72.3605,unsupported,4.25289,723.329,72.3605,180.66,72.3605,unsupported,4.25289,-424.69,1148.02,298.639,45,1,5.35786,2.73269,32.0726,unsupported,unsupported,unsupported,0.547124,unsupported,unsupported
L 150x150x14,150,14,16,8,31.647,40.3147,4.20666,4.20666,845.396,78.3257,200.966,78.3257,unsupported,4.57929,845.396,78.3257,200.966,78.3257,unsupported,4.57929,-497.169,1342.57,348.227,45,1,5.7708,2.939,28.3743,unsupported,unsupported,unsupported,0.586265,unsupported,unsupported
L 150x150x16,150,16,16,8,35.886,45.7147,4.28739,4.28739,949.683,88.6509,221.506,88.6509,unsupported,4.55786,949.683,88.6509,221.506,88.6509,unsupported,4.55786,-557.658,1507.34,392.025,45,1,5.74219,2.92839,41.7012,unsupported,unsupported,unsupported,0.586265,unsupported,unsupported
L 160x160x15,160,15,17,8.5,36.1572,46.0601,4.4903,4.4903,1098.83,95.4704,244.713,95.4704,unsupported,4.88432,1098.83,95.4704,244.713,95.4704,unsupported,4.88432,-646.231,1745.07,452.603,45,1,6.15522,3.1347,37.1844,unsupported,unsupported,unsupported,0.625407,unsupported,unsupported
L 160x160x17,160,17,17,8.5,40.6788,51.8201,4.57096,4.57096,1225.4,107.218,268.083,107.218,unsupported,4.86284,1225.4,107.218,268.083,107.218,unsupported,4.86284,-719.636,1945.03,505.762,45,1,6.12653,3.12409,53.35,unsupported,unsupported,unsupported,0.625407,unsupported,unsupported
L 160x160x20,160,20,17,8.5,47.3434,60.3101,4.68817,4.68817,1406.75,124.361,300.064,124.361,unsupported,4.82963,1406.75,124.361,300.064,124.361,unsupported,4.82963,-822.946,2229.7,583.807,45,1,6.08034,3.11128,85.2595,unsupported,unsupported,unsupported,0.625407,unsupported,unsupported
L 180x180x16,180,16,18,9,43.4793,55.3877,5.02363,5.02363,1682.43,129.653,334.903,129.653,unsupported,5.5114,1682.43,129.653,334.903,129.653,unsupported,5.5114,-990.638,2673.07,691.792,45,1,6.94702,3.53412,50.6326,unsupported,unsupported,unsupported,0.704549,unsupported,unsupported
L 180x180x18,180,18,18,9,48.5975,61.9077,5.10443,5.10443,1865.6,144.67,365.487,144.67,unsupported,5.48956,1865.6,144.67,365.487,144.67,unsupported,5.48956,-1097.32,2962.93,768.28,45,1,6.91812,3.5228,71.1713,unsupported,unsupported,unsupported,0.704549,unsupported,unsupported
L 180x180x20,180,20,18,9,53.6529,68.3477,5.18326,5.18326,2042.88,159.391,394.13,159.391,unsupported,5.46713,2042.88,159.391,394.13,159.391,unsupported,5.46713,-1199.4,3242.28,843.477,45,1,6.88753,3.51297,96.5217,unsupported,unsupported,unsupported,0.704549,unsupported,unsupported
L 200x200x16,200,16,18,9,48.5033,61.7877,5.5231,5.5231,2341.36,161.73,423.921,161.73,unsupported,6.15578,2341.36,161.73,423.921,161.73,unsupported,6.15578,-1381.33,3722.69,960.026,45,1,7.76207,3.94176,56.0939,unsupported,unsupported,unsupported,0.784549,unsupported,unsupported
L 200x200x18,200,18,18,9,54.2495,69.1077,5.60424,5.60424,2599.74,180.591,463.889,180.591,unsupported,6.13341,2599.74,180.591,463.889,180.591,unsupported,6.13341,-1532.8,4132.54,1066.95,45,1,7.73295,3.92924,78.9473,unsupported,unsupported,unsupported,0.784549,unsupported,unsupported
L 200x200x20,200,20,18,9,59.9329,76.3477,5.68342,5.68342,2850.59,199.111,501.562,199.111,unsupported,6.11039,2850.59,199.111,501.562,199.111,unsupported,6.11039,-1678.54,4529.12,1172.05,45,1,7.7021,3.91809,107.188,unsupported,unsupported,unsupported,0.784549,unsupported,unsupported
L 200x200x22,200,22,18,9,65.5535,83.5077,5.7611,5.7611,3094.14,217.302,537.075,217.302,unsupported,6.08705,3094.14,217.302,537.075,217.302,unsupported,6.08705,-1818.59,4912.74,1275.55,45,1,7.67006,3.90828,141.334,unsupported,unsupported,unsupported,0.784549,unsupported,unsupported
L 200x200x24,200,24,18,9,71.1113,90.5877,5.83758,5.83758,3330.66,235.176,570.556,235.176,unsupported,6.06361,3330.66,235.176,570.556,235.176,unsupported,6.06361,-1953,5283.66,1377.67,45,1,7.63718,3.89976,181.886,unsupported,unsupported,unsupported,0.784549,unsupported,unsupported
L 200x200x26,200,26,18,9,76.6063,97.5877,5.91305,5.91305,3560.4,252.744,602.125,252.744,unsupported,6.04021,3560.4,252.744,602.125,252.744,unsupported,6.04021,-2081.78,5642.18,1478.62,45,1,7.60372,3.89251,229.33,unsupported,unsupported,unsupported,0.784549,unsupported,unsupported
