designation,h_mm,b_mm,t_mm,r1_mm,r2_mm,mass_kg_m,A_cm2,ys_cm,zs_cm,Iy_cm4,Wel_y_cm3,Wel_y_bottom_cm3,Wel_y_top_cm3,Wpl_y_cm3,i_y_cm,Iz_cm4,Wel_z_cm3,Wel_z_left_cm3,Wel_z_right_cm3,Wpl_z_cm3,i_z_cm,Iyz_cm4,Iu_cm4,Iv_cm4,alpha_deg,tan_alpha,i_u_cm,i_v_cm,It_cm4,Wt_cm3,Iw_cm6,ym_cm,surface_m2_m,Avy_cm2,Avz_cm2
L 50x30x4,50,30,4,5,2.5,2.40746,3.06683,0.70149,1.684,7.7101,2.32512,4.57846,2.32512,unsupported,1.58557,2.08559,0.907368,2.97309,0.907368,unsupported,0.824651,-2.29187,8.52572,1.26998,19.5893,0.355874,1.66733,0.643508,0.179717,unsupported,unsupported,unsupported,0.155708,unsupported,unsupported
L 50x30x5,50,30,5,5,2.5,2.96481,3.77683,0.741329,1.72712,9.36136,2.86029,5.4202,2.86029,unsupported,1.57437,2.51345,1.1128,3.39047,1.1128,unsupported,0.815778,-2.75351,10.3312,1.54363,19.403,0.352213,1.65391,0.639305,0.340402,unsupported,unsupported,unsupported,0.155708,unsupported,unsupported
L 60x30x5,60,30,5,5,2.5,3.35731,4.27683,0.683888,2.16507,15.6003,4.06796,7.20546,4.06796,unsupported,1.90988,2.63046,1.13572,3.84633,1.13572,unsupported,0.784251,-3.5688,16.5175,1.71332,14.4125,0.256988,1.96522,0.632934,0.382069,unsupported,unsupported,unsupported,0.175708,unsupported,unsupported
L 60x30x7,60,30,7,5,2.5,4.58191,5.83683,0.761359,2.24757,20.7341,5.52551,9.22511,5.52551,unsupported,1.88475,3.43648,1.53508,4.51362,1.53508,unsupported,0.767306,-4.57724,21.8706,2.29994,13.9447,0.248302,1.93572,0.627726,1.00591,unsupported,unsupported,unsupported,0.175708,unsupported,unsupported
L 60x40x5,60,40,5,6,3,3.75907,4.78863,0.971501,1.95537,17.1851,4.24887,8.78869,4.24887,unsupported,1.8944,6.10579,2.01611,6.2849,2.01611,unsupported,1.12919,-5.91426,19.7489,3.54198,23.4366,0.433497,2.0308,0.860037,0.435455,unsupported,unsupported,unsupported,0.19485,unsupported,unsupported
L 60x40x6,60,40,6,6,3,4.45772,5.67863,1.01124,1.99763,20.1411,5.0323,10.0825,5.0323,unsupported,1.8833,7.12004,2.38227,7.04091,2.38227,unsupported,1.11975,-6.88416,23.1057,4.15542,23.2989,0.430645,2.01715,0.855432,0.734658,unsupported,unsupported,unsupported,0.19485,unsupported,unsupported
L 60x40x7,60,40,7,6,3,5.14067,6.54863,1.0498,2.038,22.9449,5.79124,11.2585,5.79124,unsupported,1.87184,8.07029,2.73551,7.68746,2.73551,unsupported,1.11012,-7.76815,26.262,4.75317,23.1233,0.427016,2.00257,0.851954,1.14347,unsupported,unsupported,unsupported,0.19485,unsupported,unsupported
L 70x50x6,70,50,6,7,3.5,5.41067,6.89258,1.24604,2.23078,33.4116,7.00569,14.9775,7.00569,unsupported,2.2017,14.177,3.77655,11.3777,3.77655,unsupported,1.43417,-12.6346,39.6728,7.91589,26.361,0.495556,2.39914,1.07167,0.89857,unsupported,unsupported,unsupported,0.233991,unsupported,unsupported
L 75x50x6,75,50,6,7,3.5,5.64617,7.19258,1.20658,2.43831,40.536,8.00839,16.6247,8.00839,unsupported,2.37399,14.4433,3.80747,11.9705,3.80747,unsupported,1.41707,-13.9907,46.6194,8.35996,23.5002,0.434816,2.5459,1.0781,0.93457,unsupported,unsupported,unsupported,0.243991,unsupported,unsupported
L 75x50x7,75,50,7,7,3.5,6.52537,8.31258,1.24634,2.48053,46.4021,9.24442,18.7065,9.24442,unsupported,2.36266,16.4633,4.38595,13.2093,4.38595,unsupported,1.40731,-15.9316,53.2936,9.57187,23.3917,0.432568,2.53203,1.07308,1.45632,unsupported,unsupported,unsupported,0.243991,unsupported,unsupported
L 80x40x6,80,40,6,7,3.5,5.41067,6.89258,0.884244,2.85373,44.918,8.72826,15.7401,8.72826,unsupported,2.55281,7.59383,2.43724,8.58794,2.43724,unsupported,1.04964,-10.3283,47.5854,4.92641,14.4809,0.258263,2.62752,0.845424,0.89857,unsupported,unsupported,unsupported,0.233991,unsupported,unsupported
L 80x40x8,80,40,8,7,3.5,7.07487,9.01258,0.963375,2.94004,57.6106,11.3856,19.5952,11.3856,unsupported,2.52829,9.6107,3.16493,9.97608,3.16493,unsupported,1.03265,-12.9588,60.8856,6.33562,14.1834,0.252731,2.59916,0.838436,2.05363,unsupported,unsupported,unsupported,0.233991,unsupported,unsupported
L 90x60x6,90,60,6,7,3.5,6.82367,8.69258,1.40604,2.8879,71.6551,11.7235,24.8122,11.7235,unsupported,2.87111,25.7526,5.60576,18.3157,5.60576,unsupported,1.72122,-24.9431,82.5996,14.8082,23.6907,0.438776,3.08258,1.3052,1.11457,unsupported,unsupported,unsupported,0.293991,unsupported,unsupported
L 90x60x8,90,60,8,7,3.5,8.95887,11.4126,1.4852,2.97137,92.5165,15.3462,31.1359,15.3462,unsupported,2.8472,32.9877,7.30656,22.211,7.30656,unsupported,1.70014,-31.9334,106.406,19.0982,23.5067,0.434951,3.05345,1.29361,2.56563,unsupported,unsupported,unsupported,0.293991,unsupported,unsupported
L 100x50x6,100,50,6,8,4,6.83631,8.70867,1.04641,3.50698,89.9143,13.8478,25.6387,13.8478,unsupported,3.2132,15.3901,3.8927,14.7076,3.8927,unsupported,1.32937,-20.919,95.3847,9.91972,14.655,0.261505,3.30951,1.06727,1.13799,unsupported,unsupported,unsupported,0.293133,unsupported,unsupported
L 100x50x8,100,50,8,8,4,8.97151,11.4287,1.12746,3.59742,116.225,18.1528,32.3078,18.1528,unsupported,3.18897,19.6646,5.07795,17.4414,5.07795,unsupported,1.31173,-26.6883,123.11,12.7791,14.4665,0.257994,3.28208,1.05743,2.60633,unsupported,unsupported,unsupported,0.293133,unsupported,unsupported
L 100x50x10,100,50,10,8,4,11.0439,14.0687,1.20566,3.68125,140.806,22.2838,38.2495,22.2838,unsupported,3.16362,23.5533,6.20749,19.5357,6.20749,unsupported,1.2939,-31.7156,148.835,15.5244,14.2062,0.253155,3.25256,1.05046,4.96009,unsupported,unsupported,unsupported,0.293133,unsupported,unsupported
L 100x65x7,100,65,7,10,5,8.76633,11.1673,1.51244,3.22881,112.5,16.6145,34.8426,16.6145,unsupported,3.17397,37.5791,7.53456,24.8467,7.53456,unsupported,1.83442,-37.5032,128.047,22.0323,22.5163,0.414547,3.38618,1.40461,2.02196,unsupported,unsupported,unsupported,0.321416,unsupported,unsupported
L 100x65x9,100,65,9,10,5,11.1056,14.1473,1.59423,3.31768,140.639,21.0465,42.3908,21.0465,unsupported,3.15295,46.697,9.5188,29.2913,9.5188,unsupported,1.8168,-46.6071,159.838,27.4979,22.3885,0.411936,3.36127,1.39416,4.14904,unsupported,unsupported,unsupported,0.321416,unsupported,unsupported
L 100x65x11,100,65,11,10,5,13.3821,17.0473,1.67242,3.40039,167.035,25.3098,49.1222,25.3098,unsupported,3.13022,55.1039,11.4144,32.9486,11.4144,unsupported,1.79789,-54.7724,189.377,32.7613,22.1914,0.407917,3.33301,1.38629,7.37846,unsupported,unsupported,unsupported,0.321416,unsupported,unsupported
L 100x75x9,100,75,9,10,5,11.8121,15.0473,1.91399,3.14616,147.659,21.5439,46.9329,21.5439,unsupported,3.13257,70.9656,12.7042,37.0773,12.7042,unsupported,2.17167,-59.5979,180.181,38.4434,28.621,0.545692,3.46039,1.59839,4.39204,unsupported,unsupported,unsupported,0.341416,unsupported,unsupported
L 120x80x8,120,80,8,11,5.5,12.1595,15.4898,1.86575,3.83223,225.652,27.6271,58.8827,27.6271,unsupported,3.81677,80.7599,13.1654,43.2854,13.1654,unsupported,2.28336,-78.1647,259.781,46.6313,23.5872,0.436624,4.09525,1.73506,3.61701,unsupported,unsupported,unsupported,0.390558,unsupported,unsupported
L 120x80x10,120,80,10,11,5.5,15.0169,19.1298,1.94749,3.92034,275.53,34.1017,70.2822,34.1017,unsupported,3.79515,98.1139,16.2104,50.3796,16.2104,unsupported,2.26469,-95.0306,316.822,56.8222,23.4854,0.434509,4.0696,1.72347,6.86889,unsupported,unsupported,unsupported,0.390558,unsupported,unsupported
L 120x80x12,120,80,12,11,5.5,17.8115,22.6898,2.02602,4.00313,322.83,40.3695,80.6443,40.3695,unsupported,3.772,114.333,19.1386,56.4324,19.1386,unsupported,2.24476,-110.507,370.501,66.662,23.3347,0.431386,4.04091,1.71405,11.6142,unsupported,unsupported,unsupported,0.390558,unsupported,unsupported
L 130x65x8,130,65,8,11,5.5,11.8455,15.0898,1.36632,4.5604,262.512,31.1048,57.5634,31.1048,unsupported,4.17093,44.769,8.72064,32.766,8.72064,unsupported,1.72245,-60.8949,278.385,28.896,14.6098,0.260662,4.29517,1.38381,3.53168,unsupported,unsupported,unsupported,0.380558,unsupported,unsupported
L 130x65x10,130,65,10,11,5.5,14.6244,18.6298,1.44808,4.65278,320.459,38.3911,68.8746,38.3911,unsupported,4.14745,54.1986,10.7283,37.4278,10.7283,unsupported,1.70565,-73.6573,339.477,35.1807,14.4773,0.258195,4.26875,1.37419,6.70222,unsupported,unsupported,unsupported,0.380558,unsupported,unsupported
L 130x65x12,130,65,12,11,5.5,17.3405,22.0898,1.52729,4.73908,375.452,45.4492,79.2246,45.4492,unsupported,4.12269,62.957,12.6605,41.2215,12.6605,unsupported,1.68821,-85.1625,397.154,41.2553,14.2963,0.254827,4.24017,1.36661,11.3262,unsupported,unsupported,unsupported,0.380558,unsupported,unsupported
L 150x75x9,150,75,9,12,6,15.3817,19.5945,1.56961,5.26047,455.191,46.7364,86.5305,46.7364,unsupported,4.81981,77.9126,13.1378,49.6382,13.1378,unsupported,1.99405,-105.902,482.885,50.2186,14.655,0.261505,4.96426,1.6009,5.76108,unsupported,unsupported,unsupported,0.439699,unsupported,unsupported
L 150x75x11,150,75,11,10.5,5.5,18.5627,23.6468,1.65437,5.36685,545.24,56.6004,101.594,56.6004,unsupported,4.80184,92.9692,15.904,56.1963,15.904,unsupported,1.98282,-126.236,578.089,60.1206,14.5858,0.260216,4.94437,1.5945,10.093,unsupported,unsupported,unsupported,0.440772,unsupported,unsupported
L 150x100x10,150,100,10,12,6,18.9613,24.1545,2.3417,4.80972,552.603,54.2284,114.893,54.2284,unsupported,4.78308,198.479,25.9169,84.7585,25.9169,unsupported,2.86654,-192.217,636.88,114.202,23.675,0.43845,5.13487,2.17439,8.63395,unsupported,unsupported,unsupported,0.489699,unsupported,unsupported
L 150x100x12,150,100,12,12,6,22.5409,28.7145,2.42195,4.89504,650.546,64.3789,132.899,64.3789,unsupported,4.75979,232.586,30.6921,96.0326,30.6921,unsupported,2.84604,-225.324,748.882,134.25,23.5776,0.436423,5.10688,2.16225,14.6345,unsupported,unsupported,unsupported,0.489699,unsupported,unsupported
L 150x100x14,150,100,14,12,6,26.0577,33.1945,2.49991,4.97664,744.415,74.2681,149.582,74.2681,unsupported,4.73559,264.884,35.3175,105.957,35.3175,unsupported,2.82485,-256.256,855.584,153.716,23.4521,0.433818,5.0769,2.15192,22.8689,unsupported,unsupported,unsupported,0.489699,unsupported,unsupported
L 160x80x10,160,80,10,13,6.5,18.1974,23.1813,1.69008,5.6275,611.307,58.9354,108.629,58.9354,unsupported,5.13524,104.415,16.5477,61.7809,16.5477,unsupported,2.12232,-141.971,648.362,67.3602,14.6279,0.261001,5.28858,1.70464,8.40899,unsupported,unsupported,unsupported,0.468841,unsupported,unsupported
L 160x80x12,160,80,12,13,6.5,21.62,27.5413,1.77147,5.7188,719.519,69.9839,125.816,69.9839,unsupported,5.11127,122.026,19.5915,68.8842,19.5915,unsupported,2.10491,-165.804,762.445,79.0998,14.5151,0.2589,5.26153,1.69471,14.2112,unsupported,unsupported,unsupported,0.468841,unsupported,unsupported
L 160x80x14,160,80,14,13,6.5,24.9798,31.8213,1.85081,5.80522,823.228,80.7499,141.808,80.7499,unsupported,5.08629,138.602,22.5399,74.8876,22.5399,unsupported,2.08702,-187.731,871.327,90.5037,14.3706,0.25621,5.23277,1.68645,22.1624,unsupported,unsupported,unsupported,0.468841,unsupported,unsupported
L 200x100x10,200,100,10,15,7.5,22.9545,29.2414,2.0128,6.93024,1218.58,93.2369,175.836,93.2369,unsupported,6.45548,210.339,26.3345,104.5,26.3345,unsupported,2.68201,-285.285,1293.71,135.214,14.7528,0.263331,6.65149,2.15036,10.6586,unsupported,unsupported,unsupported,0.587124,unsupported,unsupported
L 200x100x12,200,100,12,15,7.5,27.3191,34.8014,2.09663,7.02726,1440.06,111.006,204.924,111.006,unsupported,6.43267,247.219,31.2802,117.913,31.2802,unsupported,2.66528,-335.846,1528.11,159.162,14.692,0.262196,6.62643,2.13856,18.013,unsupported,unsupported,unsupported,0.587124,unsupported,unsupported
L 200x100x14,200,100,14,15,7.5,31.6209,40.2814,2.17793,7.11799,1654.13,128.406,232.387,128.406,unsupported,6.40815,282.243,36.0829,129.592,36.0829,unsupported,2.64703,-383.402,1754.01,182.365,14.6013,0.260505,6.59878,2.12774,28.1155,unsupported,unsupported,unsupported,0.587124,unsupported,unsupported
L 200x100x16,200,100,16,15,7.5,35.8599,45.6814,2.25752,7.20467,1861.05,145.448,258.312,145.448,unsupported,6.38278,315.569,40.7581,139.786,40.7581,unsupported,2.62832,-427.972,1971.65,204.971,14.4896,0.258424,6.5697,2.11825,41.3652,unsupported,unsupported,unsupported,0.587124,unsupported,unsupported
