designation,h_mm,b_mm,t_mm,ro_mm,ri_mm,corner_radii,mass_kg_m,A_cm2,ys_cm,zs_cm,Iy_cm4,Wel_y_cm3,Wel_y_bottom_cm3,Wel_y_top_cm3,Wpl_y_cm3,i_y_cm,Iz_cm4,Wel_z_cm3,Wel_z_left_cm3,Wel_z_right_cm3,Wpl_z_cm3,i_z_cm,Iyz_cm4,Iu_cm4,Iv_cm4,alpha_deg,tan_alpha,i_u_cm,i_v_cm,It_cm4,Wt_cm3,Iw_cm6,ym_cm,surface_m2_m,Avy_cm2,Avz_cm2
RHS 20x10x2,20,10,2,4,2,EN10219-2,0.735538,0.936991,0.5,1,0.366833,0.366833,0.366833,0.366833,0.516861,0.6257,0.116219,0.232439,0.232439,0.232439,0.308366,0.352186,0,0.366833,0.116219,0,0,0.6257,0.352186,0.329605,0.421623,unsupported,unsupported,0.0531327,0.31233,0.624661
RHS 25x15x1.5,25,15,1.5,3,1.5,EN10219-2,0.825865,1.05206,0.75,1.25,0.801946,0.641557,0.641557,0.641557,0.820955,0.873078,0.356256,0.475008,0.475008,0.475008,0.572426,0.581917,0,0.801946,0.356256,0,0,0.873078,0.581917,0.84547,0.811186,unsupported,unsupported,0.0748496,0.394522,0.657536
RHS 30x10x2,30,10,2,4,2,EN10219-2,1.04954,1.33699,0.5,1.5,1.15128,0.767517,0.767517,0.767517,1.08536,0.927952,0.181553,0.363106,0.363106,0.363106,0.468366,0.3685,0,1.15128,0.181553,0,0,0.927952,0.3685,0.577586,0.681881,unsupported,unsupported,0.0731327,0.334248,1.00274
RHS 30x15x1.5,30,15,1.5,3,1.5,EN10219-2,0.943615,1.20206,0.75,1.5,1.2813,0.854201,0.854201,0.854201,1.10272,1.03244,0.424881,0.566508,0.566508,0.566508,0.673676,0.594526,0,1.2813,0.424881,0,0,1.03244,0.594526,1.09246,0.993706,unsupported,unsupported,0.0848496,0.400686,0.801372
RHS 30x15x2,30,15,2,4,2,EN10219-2,1.20654,1.53699,0.75,1.5,1.54394,1.02929,1.02929,1.02929,1.36536,1.00226,0.503464,0.671286,0.671286,0.671286,0.827614,0.572333,0,1.54394,0.503464,0,0,1.00226,0.572333,1.34184,1.19042,unsupported,unsupported,0.0831327,0.51233,1.02466
RHS 30x20x1.5,30,20,1.5,3,1.5,EN10219-2,1.06137,1.35206,1,1.5,1.58618,1.05745,1.05745,1.05745,1.31647,1.08312,0.839972,0.839972,0.839972,0.839972,0.99294,0.788197,0,1.58618,0.839972,0,0,1.08312,0.788197,1.83023,1.39686,unsupported,unsupported,0.0948496,0.540823,0.811235
RHS 30x20x2,30,20,2,4,2,EN10219-2,1.36354,1.73699,1,1.5,1.93661,1.29107,1.29107,1.29107,1.64536,1.0559,1.0175,1.0175,1.0175,1.0175,1.23686,0.765365,0,1.93661,1.0175,0,0,1.0559,0.765365,2.2918,1.70669,unsupported,unsupported,0.0931327,0.694796,1.04219
RHS 30x20x3,30,20,3,6,3,EN10219-2,1.89046,2.40823,1,1.5,2.40609,1.60406,1.60406,1.60406,2.14941,0.999556,1.24674,1.24674,1.24674,1.24674,1.60529,0.719514,0,2.40609,1.24674,0,0,0.999556,0.719514,2.98764,2.13361,unsupported,unsupported,0.0896991,0.963292,1.44494
RHS 30x25x2,30,25,2,4,2,EN10219-2,1.52054,1.93699,1.25,1.5,2.32928,1.55285,1.55285,1.55285,1.92536,1.0966,1.74866,1.39893,1.39893,1.39893,1.69611,0.950143,0,2.32928,1.74866,0,0,1.0966,0.950143,3.36994,2.22594,unsupported,unsupported,0.103133,0.880451,1.05654
RHS 35x15x2,35,15,2,4,2,EN10219-2,1.36354,1.73699,0.75,1.75,2.32685,1.32963,1.32963,1.32963,1.7746,1.1574,0.588631,0.784841,0.784841,0.784841,0.957614,0.582134,0,2.32685,0.588631,0,0,1.1574,0.582134,1.65791,1.41687,unsupported,unsupported,0.0931327,0.521097,1.21589
RHS 35x20x1.5,35,20,1.5,3,1.5,EN10219-2,1.17912,1.50206,1,1.75,2.33204,1.33259,1.33259,1.33259,1.67323,1.24602,0.968597,0.968597,0.968597,0.968597,1.13169,0.803024,0,2.33204,0.968597,0,0,1.24602,0.803024,2.28049,1.65358,unsupported,unsupported,0.10485,0.546203,0.955855
RHS 35x20x2,35,20,2,4,2,EN10219-2,1.52054,1.93699,1,1.75,2.87202,1.64115,1.64115,1.64115,2.1046,1.21767,1.18017,1.18017,1.18017,1.18017,1.41686,0.780563,0,2.87202,1.18017,0,0,1.21767,0.780563,2.86501,2.03093,unsupported,unsupported,0.103133,0.70436,1.23263
RHS 35x25x2,35,25,2,4,2,EN10219-2,1.67754,2.13699,1.25,1.75,3.41718,1.95268,1.95268,1.95268,2.4346,1.26454,2.01383,1.61106,1.61106,1.61106,1.92611,0.970755,0,3.41718,2.01383,0,0,1.26454,0.970755,4.25435,2.64866,unsupported,unsupported,0.113133,0.890413,1.24658
RHS 40x10x2,40,10,2,4,2,EN10219-2,1.36354,1.73699,0.5,2,2.60421,1.30211,1.30211,1.30211,1.85385,1.22445,0.246886,0.493772,0.493772,0.493772,0.628366,0.377007,0,2.60421,0.246886,0,0,1.22445,0.377007,0.831717,0.9427,unsupported,unsupported,0.0931327,0.347398,1.38959
RHS 40x20x1.5,40,20,1.5,3,1.5,EN10219-2,1.29687,1.65206,1,2,3.26566,1.63283,1.63283,1.63283,2.0675,1.40596,1.09722,1.09722,1.09722,1.09722,1.27044,0.814957,0,3.26566,1.09722,0,0,1.40596,0.814957,2.74241,1.91043,unsupported,unsupported,0.11485,0.550686,1.10137
RHS 40x20x2,40,20,2,4,2,EN10219-2,1.67754,2.13699,1,2,4.04955,2.02477,2.02477,2.02477,2.61385,1.37658,1.34283,1.34283,1.34283,1.34283,1.59686,0.792701,0,4.04955,1.34283,0,0,1.37658,0.792701,3.45272,2.35545,unsupported,unsupported,0.113133,0.71233,1.42466
RHS 40x20x2.5,40,20,2.5,5,2.5,EN10219-2,2.0324,2.58905,1,2,4.6943,2.34715,2.34715,2.34715,3.09191,1.34653,1.53703,1.53703,1.53703,1.53703,1.87786,0.770498,0,4.6943,1.53703,0,0,1.34653,0.770498,4.06087,2.71804,unsupported,unsupported,0.111416,0.863016,1.72603
RHS 40x20x3,40,20,3,6,3,EN10219-2,2.36146,3.00823,1,2,5.20756,2.60378,2.60378,2.60378,3.50352,1.31571,1.68474,1.68474,1.68474,1.68474,2.11529,0.748361,0,5.20756,1.68474,0,0,1.31571,0.748361,4.56687,3.00474,unsupported,unsupported,0.109699,1.00274,2.00549
RHS 40x25x2,40,25,2,4,2,EN10219-2,1.83454,2.33699,1.25,2,4.77221,2.38611,2.38611,2.38611,2.99385,1.429,2.27899,1.82319,1.82319,1.82319,2.15611,0.987513,0,4.77221,2.27899,0,0,1.429,0.987513,5.16892,3.07177,unsupported,unsupported,0.123133,0.898843,1.43815
RHS 40x30x2,40,30,2,4,2,EN10219-2,1.99154,2.53699,1.5,2,5.49488,2.74744,2.74744,2.74744,3.37385,1.4717,3.50728,2.33818,2.33818,2.33818,2.76536,1.17578,0,5.49488,3.50728,0,0,1.4717,1.17578,7.07029,3.79023,unsupported,unsupported,0.133133,1.08728,1.44971
RHS 40x30x3,40,30,3,6,3,EN10219-2,2.83246,3.60823,1.5,2,7.26556,3.63278,3.63278,3.63278,4.61352,1.41902,4.60209,3.06806,3.06806,3.06806,3.76941,1.12936,0,7.26556,4.60209,0,0,1.41902,1.12936,9.72199,5.03131,unsupported,unsupported,0.129699,1.54638,2.06185
RHS 40x35x2,40,35,2,4,2,EN10219-2,2.14854,2.73699,1.75,2,6.21755,3.10877,3.10877,3.10877,3.75385,1.50721,5.05268,2.88725,2.88725,2.88725,3.4246,1.3587,0,6.21755,5.05268,0,0,1.50721,1.3587,9.11624,4.50991,unsupported,unsupported,0.143133,1.27726,1.45973
RHS 45x25x2,45,25,2,4,2,EN10219-2,1.99154,2.53699,1.25,2.25,6.41937,2.85305,2.85305,2.85305,3.6031,1.59069,2.54416,2.03533,2.03533,2.03533,2.38611,1.00141,0,6.41937,2.54416,0,0,1.59069,1.00141,6.10653,3.49514,unsupported,unsupported,0.133133,0.906068,1.63092
RHS 50x20x1.5,50,20,1.5,3,1.5,EN10219-2,1.53237,1.95206,1,2.5,5.77117,2.30847,2.30847,2.30847,2.96853,1.71943,1.35447,1.35447,1.35447,1.35447,1.54794,0.832988,0,5.77117,1.35447,0,0,1.71943,0.832988,3.69051,2.42437,unsupported,unsupported,0.13485,0.557731,1.39433
RHS 50x20x2,50,20,2,4,2,EN10219-2,1.99154,2.53699,1,2.5,7.23098,2.89239,2.89239,2.89239,3.78235,1.68826,1.66817,1.66817,1.66817,1.66817,1.95686,0.810887,0,7.23098,1.66817,0,0,1.68826,0.810887,4.65792,3.00499,unsupported,unsupported,0.133133,0.724855,1.81214
RHS 50x20x3,50,20,3,6,3,EN10219-2,2.83246,3.60823,1,2.5,9.51314,3.80525,3.80525,3.80525,5.15764,1.62373,2.12274,2.12274,2.12274,2.12274,2.62529,0.767011,0,9.51314,2.12274,0,0,1.62373,0.767011,6.20357,3.8779,unsupported,unsupported,0.129699,1.03092,2.57731
RHS 50x25x2,50,25,2,4,2,EN10219-2,2.14854,2.73699,1.25,2.5,8.38365,3.35346,3.35346,3.35346,4.26235,1.75017,2.80933,2.24746,2.24746,2.24746,2.61611,1.01313,0,8.38365,2.80933,0,0,1.75017,1.01313,7.06212,3.9187,unsupported,unsupported,0.143133,0.91233,1.82466
RHS 50x25x3,50,25,3,6,3,EN10219-2,3.06796,3.90823,1.25,2.5,11.1721,4.46885,4.46885,4.46885,5.86264,1.69074,3.66715,2.93372,2.93372,2.93372,3.56485,0.968667,0,11.1721,3.66715,0,0,1.69074,0.968667,9.63726,5.17928,unsupported,unsupported,0.139699,1.30274,2.60549
RHS 50x30x1.5,50,30,1.5,3,1.5,EN10219-2,1.76787,2.25206,1.5,2.5,7.53592,3.01437,3.01437,3.01437,3.69603,1.82927,3.41543,2.27695,2.27695,2.27695,2.59897,1.2315,0,7.53592,3.41543,0,0,1.82927,1.2315,7.60443,3.82993,unsupported,unsupported,0.15485,0.844522,1.40754
RHS 50x30x2,50,30,2,4,2,EN10219-2,2.30554,2.93699,1.5,2.5,9.53631,3.81453,3.81453,3.81453,4.74235,1.80193,4.29261,2.86174,2.86174,2.86174,3.32536,1.20895,0,9.53631,4.29261,0,0,1.80193,1.20895,9.76682,4.83525,unsupported,unsupported,0.153133,1.10137,1.83562
RHS 50x30x2.5,50,30,2.5,5,2.5,EN10219-2,2.8174,3.58905,1.5,2.5,11.298,4.51922,4.51922,4.51922,5.69893,1.77424,5.05173,3.36782,3.36782,3.36782,3.98488,1.1864,0,11.298,5.05173,0,0,1.77424,1.1864,11.7415,5.71932,unsupported,unsupported,0.151416,1.34589,2.24316
RHS 50x30x3,50,30,3,6,3,EN10219-2,3.30346,4.20823,1.5,2.5,12.8311,5.13245,5.13245,5.13245,6.56764,1.74616,5.70009,3.80006,3.80006,3.80006,4.57941,1.16383,0,12.8311,5.70009,0,0,1.74616,1.16383,13.5275,6.48949,unsupported,unsupported,0.149699,1.57809,2.63014
RHS 50x30x4,50,30,4,8,4,EN10219-2,4.19815,5.34796,1.5,2.5,15.2505,6.10022,6.10022,6.10022,8.04887,1.68868,6.69276,4.46184,4.46184,4.46184,5.58091,1.11869,0,15.2505,6.69276,0,0,1.68868,1.11869,16.5301,7.71401,unsupported,unsupported,0.146265,2.00549,3.34248
RHS 50x35x2,50,35,2,4,2,EN10219-2,2.46254,3.13699,1.75,2.5,10.689,4.27559,4.27559,4.27559,5.22235,1.84591,6.14302,3.51029,3.51029,3.51029,4.0846,1.39938,0,10.689,6.14302,0,0,1.84591,1.39938,12.7146,5.75341,unsupported,unsupported,0.163133,1.2917,1.84529
RHS 50x35x3,50,35,3,6,3,EN10219-2,3.53896,4.50823,1.75,2.5,14.4901,5.79605,5.79605,5.79605,7.27264,1.79281,8.25906,4.71946,4.71946,4.71946,5.66896,1.35351,0,14.4901,8.25906,0,0,1.79281,1.35351,17.7832,7.80466,unsupported,unsupported,0.159699,1.85633,2.6519
RHS 50x40x2,50,40,2,4,2,EN10219-2,2.61954,3.33699,2,2.5,11.8416,4.73666,4.73666,4.73666,5.70235,1.88377,8.38555,4.19277,4.19277,4.19277,4.89385,1.58521,0,11.8416,8.38555,0,0,1.88377,1.58521,15.8616,6.67257,unsupported,unsupported,0.173133,1.48311,1.85388
RHS 50x40x3,50,40,3,6,3,EN10219-2,3.77446,4.80823,2,2.5,16.1491,6.45965,6.45965,6.45965,7.97764,1.83266,11.3816,5.69078,5.69078,5.69078,6.83352,1.53854,0,16.1491,11.3816,0,0,1.83266,1.53854,22.3359,9.1229,unsupported,unsupported,0.169699,2.13699,2.67124
RHS 60x20x2,60,20,2,4,2,EN10219-2,2.30554,2.93699,1,3,11.6809,3.89364,3.89364,3.89364,5.15084,1.99428,1.9935,1.9935,1.9935,1.9935,2.31686,0.823866,0,11.6809,1.9935,0,0,1.99428,0.823866,5.88931,3.65491,unsupported,unsupported,0.153133,0.734248,2.20274
RHS 60x20x3,60,20,3,6,3,EN10219-2,3.30346,4.20823,1,3,15.6228,5.20761,5.20761,5.20761,7.11175,1.92677,2.56074,2.56074,2.56074,2.56074,3.13529,0.780069,0,15.6228,2.56074,0,0,1.92677,0.780069,7.87314,4.75203,unsupported,unsupported,0.149699,1.05206,3.15617
RHS 60x30x2,60,30,2,4,2,EN10219-2,2.61954,3.33699,1.5,3,15.0462,5.01541,5.01541,5.01541,6.31084,2.12342,5.07794,3.38529,3.38529,3.38529,3.88536,1.23358,0,15.0462,5.07794,0,0,2.12342,1.23358,12.57,5.88097,unsupported,unsupported,0.173133,1.11233,2.22466
RHS 60x30x2.5,60,30,2.5,5,2.5,EN10219-2,3.2099,4.08905,1.5,3,17.9359,5.97864,5.97864,5.97864,7.61845,2.09436,5.99965,3.99977,3.99977,3.99977,4.67238,1.2113,0,17.9359,5.99965,0,0,2.09436,1.2113,15.1396,6.98075,unsupported,unsupported,0.171416,1.36302,2.72603
RHS 60x30x3,60,30,3,6,3,EN10219-2,3.77446,4.80823,1.5,3,20.5008,6.83361,6.83361,6.83361,8.82175,2.06487,6.79809,4.53206,4.53206,4.53206,5.38941,1.18905,0,20.5008,6.79809,0,0,2.06487,1.18905,17.4794,7.94965,unsupported,unsupported,0.169699,1.60274,3.20549
RHS 60x30x4,60,30,4,8,4,EN10219-2,4.82615,6.14796,1.5,3,24.7031,8.23436,8.23436,8.23436,10.9229,2.00452,8.05543,5.37029,5.37029,5.37029,6.62091,1.14467,0,24.7031,8.05543,0,0,2.00452,1.14467,21.4695,9.52337,unsupported,unsupported,0.166265,2.04932,4.09864
RHS 60x40x2,60,40,2,4,2,EN10219-2,2.93354,3.73699,2,3,18.4116,6.13719,6.13719,6.13719,7.47084,2.21965,9.83088,4.91544,4.91544,4.91544,5.65385,1.62194,0,18.4116,9.83088,0,0,2.21965,1.62194,20.7023,8.11583,unsupported,unsupported,0.193133,1.4948,2.24219
RHS 60x40x2.5,60,40,2.5,5,2.5,EN10219-2,3.6024,4.58905,2,3,22.0713,7.35711,7.35711,7.35711,9.05595,2.19307,11.736,5.86798,5.86798,5.86798,6.84191,1.59918,0,22.0713,11.736,0,0,2.19307,1.59918,25.1417,9.7215,unsupported,unsupported,0.191416,1.83562,2.75343
RHS 60x40x3,60,40,3,6,3,EN10219-2,4.24546,5.40823,2,3,25.3788,8.45961,8.45961,8.45961,10.5318,2.16625,13.4396,6.71978,6.71978,6.71978,7.94352,1.57639,0,25.3788,13.4396,0,0,2.16625,1.57639,29.2836,11.1749,unsupported,unsupported,0.189699,2.16329,3.24494
RHS 60x40x4,60,40,4,8,4,EN10219-2,5.45415,6.94796,2,3,30.9857,10.3286,10.3286,10.3286,13.1629,2.1118,16.28,8.14,8.14,8.14,9.89489,1.53073,0,30.9857,16.28,0,0,2.1118,1.53073,36.6688,13.6535,unsupported,unsupported,0.186265,2.77919,4.16878
RHS 60x40x5,60,40,5,10,5,EN10219-2,6.55961,8.35619,2,3,35.3278,11.7759,11.7759,11.7759,15.3791,2.05615,18.4258,9.21292,9.21292,9.21292,11.5229,1.48494,0,35.3278,18.4258,0,0,2.05615,1.48494,42.8454,15.6034,unsupported,unsupported,0.182832,3.34248,5.01372
RHS 60x50x3,60,50,3,6,3,EN10219-2,4.71646,6.00823,2.5,3,30.2568,10.0856,10.0856,10.0856,12.2418,2.24408,22.7851,9.11405,9.11405,9.11405,10.7976,1.94739,0,30.2568,22.7851,0,0,2.24408,1.94739,42.6273,14.411,unsupported,unsupported,0.209699,2.73101,3.27722
RHS 70x30x2,70,30,2,4,2,EN10219-2,2.93354,3.73699,1.5,3.5,22.2247,6.34991,6.34991,6.34991,8.07934,2.43869,5.86328,3.90885,3.90885,3.90885,4.44536,1.25259,0,22.2247,5.86328,0,0,2.43869,1.25259,15.4456,6.92708,unsupported,unsupported,0.193133,1.1211,2.61589
RHS 70x30x3,70,30,3,6,3,EN10219-2,4.24546,5.40823,1.5,3.5,30.5746,8.73561,8.73561,8.73561,11.3759,2.37768,7.89609,5.26406,5.26406,5.26406,6.19941,1.20831,0,30.5746,7.89609,0,0,2.37768,1.20831,21.529,9.41093,unsupported,unsupported,0.189699,1.62247,3.78576
RHS 70x35x2,70,35,2,4,2,EN10219-2,3.09054,3.93699,1.75,3.5,24.5373,7.01067,7.01067,7.01067,8.75934,2.4965,8.32368,4.75639,4.75639,4.75639,5.4046,1.45404,0,24.5373,8.32368,0,0,2.4965,1.45404,20.3763,8.24264,unsupported,unsupported,0.203133,1.31233,2.62466
RHS 70x35x3,70,35,3,6,3,EN10219-2,4.48096,5.70823,1.75,3.5,33.9436,9.69818,9.69818,9.69818,12.3809,2.43853,11.3401,6.48003,6.48003,6.48003,7.58896,1.40947,0,33.9436,11.3401,0,0,2.43853,1.40947,28.6932,11.3174,unsupported,unsupported,0.199699,1.90274,3.80549
RHS 70x40x2,70,40,2,4,2,EN10219-2,3.24754,4.13699,2,3.5,26.85,7.67143,7.67143,7.67143,9.43934,2.54759,11.2762,5.63811,5.63811,5.63811,6.41385,1.65097,0,26.85,11.2762,0,0,2.54759,1.65097,25.7248,9.55969,unsupported,unsupported,0.213133,1.50436,2.63263
RHS 70x40x3,70,40,3,6,3,EN10219-2,4.71646,6.00823,2,3.5,37.3126,10.6608,10.6608,10.6608,13.3859,2.49204,15.4976,7.74878,7.74878,7.74878,9.05352,1.60605,0,37.3126,15.4976,0,0,2.49204,1.60605,36.4878,13.2286,unsupported,unsupported,0.209699,2.18481,3.82342
RHS 70x40x4,70,40,4,8,4,EN10219-2,6.08215,7.74796,2,3.5,45.9523,13.1292,13.1292,13.1292,16.8368,2.43534,18.8827,9.44133,9.44133,9.44133,11.3349,1.56113,0,45.9523,18.8827,0,0,2.43534,1.56113,45.8402,16.2474,unsupported,unsupported,0.206265,2.81744,4.93052
RHS 70x50x2,70,50,2,4,2,EN10219-2,3.56154,4.53699,2.5,3.5,31.4753,8.99295,8.99295,8.99295,10.7993,2.63391,18.7576,7.50306,7.50306,7.50306,8.58235,2.03332,0,31.4753,18.7576,0,0,2.63391,2.03332,37.4538,12.1965,unsupported,unsupported,0.233133,1.89041,2.64658
RHS 70x50x2.5,70,50,2.5,5,2.5,EN10219-2,4.3874,5.58905,2.5,3.5,38.0141,10.8612,10.8612,10.8612,13.163,2.60798,22.5897,9.03589,9.03589,9.03589,10.4489,2.01042,0,38.0141,22.5897,0,0,2.60798,2.01042,45.7538,14.7235,unsupported,unsupported,0.231416,2.32877,3.26028
RHS 70x50x3,70,50,3,6,3,EN10219-2,5.18746,6.60823,2.5,3.5,44.0506,12.5859,12.5859,12.5859,15.3959,2.58187,26.1031,10.4413,10.4413,10.4413,12.2076,1.98748,0,44.0506,26.1031,0,0,2.58187,1.98748,53.6245,17.0595,unsupported,unsupported,0.229699,2.75343,3.8548
RHS 70x50x4,70,50,4,8,4,EN10219-2,6.71015,8.54796,2.5,3.5,54.6749,15.6214,15.6214,15.6214,19.4768,2.52908,32.2212,12.8885,12.8885,12.8885,15.4089,1.94151,0,54.6749,32.2212,0,0,2.52908,1.94151,68.0695,21.1892,unsupported,unsupported,0.226265,3.56165,4.98631
RHS 70x50x5,70,50,5,10,5,EN10219-2,8.12961,10.3562,2.5,3.5,63.4625,18.1322,18.1322,18.1322,23.0572,2.47548,37.2044,14.8818,14.8818,14.8818,18.201,1.89538,0,63.4625,37.2044,0,0,2.47548,1.89538,80.7716,24.6422,unsupported,unsupported,0.222832,4.31508,6.04111
RHS 80x20x2,80,20,2,4,2,EN10219-2,2.93354,3.73699,1,4,25.1863,6.29656,6.29656,6.29656,8.48783,2.5961,2.64417,2.64417,2.64417,2.64417,3.03686,0.841169,0,25.1863,2.64417,0,0,2.5961,0.841169,8.397,4.95532,unsupported,unsupported,0.193133,0.747398,2.98959
RHS 80x30x2,80,30,2,4,2,EN10219-2,3.24754,4.13699,1.5,4,31.2716,7.8179,7.8179,7.8179,10.0478,2.74937,6.64861,4.43241,4.43241,4.43241,5.00536,1.26772,0,31.2716,6.64861,0,0,2.74937,1.26772,18.3725,7.97345,unsupported,unsupported,0.213133,1.12827,3.00872
RHS 80x30x3,80,30,3,6,3,EN10219-2,4.71646,6.00823,1.5,4,43.3526,10.8381,10.8381,10.8381,14.23,2.68617,8.99409,5.99606,5.99606,5.99606,7.00941,1.2235,0,43.3526,8.99409,0,0,2.68617,1.2235,25.6469,10.8729,unsupported,unsupported,0.209699,1.63861,4.36962
RHS 80x35x2,80,35,2,4,2,EN10219-2,3.40454,4.33699,1.75,4,34.3143,8.57856,8.57856,8.57856,10.8278,2.81283,9.41402,5.37944,5.37944,5.37944,6.0646,1.47331,0,34.3143,9.41402,0,0,2.81283,1.47331,24.354,9.48781,unsupported,unsupported,0.223133,1.31995,3.01704
RHS 80x35x3,80,35,3,6,3,EN10219-2,4.95196,6.30823,1.75,4,47.8016,11.9504,11.9504,11.9504,15.385,2.75275,12.8806,7.36032,7.36032,7.36032,8.54896,1.42894,0,47.8016,12.8806,0,0,2.75275,1.42894,34.35,13.0754,unsupported,unsupported,0.219699,1.9199,4.38833
RHS 80x40x2,80,40,2,4,2,EN10219-2,3.56154,4.53699,2,4,37.3569,9.33923,9.33923,9.33923,11.6078,2.86947,12.7215,6.36077,6.36077,6.36077,7.17385,1.6745,0,37.3569,12.7215,0,0,2.86947,1.6745,30.8811,11.0039,unsupported,unsupported,0.233133,1.51233,3.02466
RHS 80x40x2.5,80,40,2.5,5,2.5,EN10219-2,4.3874,5.58905,2,4,45.1056,11.2764,11.2764,11.2764,14.145,2.84084,15.2568,7.6284,7.6284,7.6284,8.71691,1.6522,0,45.1056,15.2568,0,0,2.84084,1.6522,37.5838,13.2377,unsupported,unsupported,0.231416,1.86302,3.72603
RHS 80x40x3,80,40,3,6,3,EN10219-2,5.18746,6.60823,2,4,52.2506,13.0626,13.0626,13.0626,16.54,2.81192,17.5556,8.77778,8.77778,8.77778,10.1635,1.62991,0,52.2506,17.5556,0,0,2.81192,1.62991,43.8786,15.2834,unsupported,unsupported,0.229699,2.20274,4.40549
RHS 80x40x4,80,40,4,8,4,EN10219-2,6.71015,8.54796,2,4,64.7927,16.1982,16.1982,16.1982,20.9108,2.75316,21.4853,10.7427,10.7427,10.7427,12.7749,1.5854,0,64.7927,21.4853,0,0,2.75316,1.5854,55.2436,18.8436,unsupported,unsupported,0.226265,2.84932,5.69864
RHS 80x40x5,80,40,5,10,5,EN10219-2,8.12961,10.3562,2,4,75.1087,18.7772,18.7772,18.7772,24.7353,2.69305,24.5925,12.2963,12.2963,12.2963,15.0229,1.541,0,75.1087,24.5925,0,0,2.69305,1.541,64.974,21.7443,unsupported,unsupported,0.222832,3.45206,6.90413
RHS 80x40x6,80,40,6,12,6,EN10219-2,9.44584,12.0329,2,4,83.3209,20.8302,20.8302,20.8302,28.0282,2.63143,26.9559,13.4779,13.4779,13.4779,16.9223,1.49672,0,83.3209,26.9559,0,0,2.63143,1.49672,73.07,24.038,unsupported,unsupported,0.219398,4.01097,8.02195
RHS 80x50x2,80,50,2,4,2,EN10219-2,3.87554,4.93699,2.5,4,43.4423,10.8606,10.8606,10.8606,13.1678,2.96637,21.063,8.42519,8.42519,8.42519,9.54235,2.06552,0,43.4423,21.063,0,0,2.96637,2.06552,45.3071,14.0393,unsupported,unsupported,0.253133,1.89884,3.03815
RHS 80x50x3,80,50,3,6,3,EN10219-2,5.65846,7.20823,2.5,4,61.1486,15.2871,15.2871,15.2871,18.85,2.91259,29.4211,11.7685,11.7685,11.7685,13.6176,2.0203,0,61.1486,29.4211,0,0,2.91259,2.0203,65.0004,19.7095,unsupported,unsupported,0.249699,2.7724,4.43583
RHS 80x50x4,80,50,4,8,4,EN10219-2,7.33815,9.34796,2.5,4,76.3554,19.0889,19.0889,19.0889,23.9508,2.85799,36.4639,14.5856,14.5856,14.5856,17.2489,1.97503,0,76.3554,36.4639,0,0,2.85799,1.97503,82.7027,24.5742,unsupported,unsupported,0.246265,3.59537,5.75259
RHS 80x50x5,80,50,5,10,5,EN10219-2,8.91461,11.3562,2.5,4,89.1921,22.298,22.298,22.298,28.4853,2.80251,42.2877,16.9151,16.9151,16.9151,20.451,1.9297,0,89.1921,42.2877,0,0,2.80251,1.9297,98.4,28.6928,unsupported,unsupported,0.242832,4.36777,6.98843
RHS 80x60x2,80,60,2,4,2,EN10219-2,4.18954,5.33699,3,4,49.5276,12.3819,12.3819,12.3819,14.7278,3.04632,31.8729,10.6243,10.6243,10.6243,12.1108,2.44378,0,49.5276,31.8729,0,0,3.04632,2.44378,61.2194,17.0771,unsupported,unsupported,0.273133,2.28728,3.04971
RHS 80x60x2.5,80,60,2.5,5,2.5,EN10219-2,5.1724,6.58905,3,4,60.1264,15.0316,15.0316,15.0316,18.02,3.0208,38.613,12.871,12.871,12.871,14.806,2.42078,0,60.1264,38.613,0,0,3.0208,2.42078,75.075,20.7252,unsupported,unsupported,0.271416,2.82388,3.76517
RHS 80x60x3,80,60,3,6,3,EN10219-2,6.12946,7.80823,3,4,70.0466,17.5116,17.5116,17.5116,21.16,2.99514,44.8908,14.9636,14.9636,14.9636,17.3718,2.39774,0,70.0466,44.8908,0,0,2.99514,2.39774,88.3461,24.1433,unsupported,unsupported,0.269699,3.34638,4.46185
RHS 80x60x4,80,60,4,8,4,EN10219-2,7.96615,10.148,3,4,87.9181,21.9795,21.9795,21.9795,26.9908,2.9434,56.1164,18.7055,18.7055,18.7055,22.1229,2.35156,0,87.9181,56.1164,0,0,2.9434,2.35156,113.125,30.3219,unsupported,unsupported,0.266265,4.34913,5.79884
RHS 80x60x5,80,60,5,10,5,EN10219-2,9.69961,12.3562,3,4,103.275,25.8188,25.8188,25.8188,32.2353,2.89105,65.6611,21.887,21.887,21.887,26.3791,2.30522,0,103.275,65.6611,0,0,2.89105,2.30522,135.534,35.6731,unsupported,unsupported,0.262832,5.29551,7.06068
RHS 80x60x6,80,60,6,12,6,EN10219-2,11.3298,14.4329,3,4,116.249,29.0622,29.0622,29.0622,36.9082,2.83803,73.6335,24.5445,24.5445,24.5445,30.1553,2.25871,0,116.249,73.6335,0,0,2.83803,2.25871,155.552,40.2505,unsupported,unsupported,0.259398,6.18554,8.24738
RHS 90x40x3,90,40,3,6,3,EN10219-2,5.65846,7.20823,2,4.5,70.4926,15.665,15.665,15.665,19.9941,3.12721,19.6136,9.80678,9.80678,9.80678,11.2735,1.64954,0,70.4926,19.6136,0,0,3.12721,1.64954,51.4095,17.339,unsupported,unsupported,0.249699,2.21792,4.99031
RHS 90x50x2,90,50,2,4,2,EN10219-2,4.18954,5.33699,2.5,4.5,57.8777,12.8617,12.8617,12.8617,15.7363,3.29312,23.3683,9.34733,9.34733,9.34733,10.5023,2.0925,0,57.8777,23.3683,0,0,3.29312,2.0925,53.3655,15.8824,unsupported,unsupported,0.273133,1.90607,3.43092
RHS 90x50x2.5,90,50,2.5,5,2.5,EN10219-2,5.1724,6.58905,2.5,4.5,70.2625,15.6139,15.6139,15.6139,19.252,3.2655,28.2355,11.2942,11.2942,11.2942,12.8239,2.07008,0,70.2625,28.2355,0,0,3.2655,2.07008,65.2992,19.2354,unsupported,unsupported,0.271416,2.35323,4.23582
RHS 90x50x3,90,50,3,6,3,EN10219-2,6.12946,7.80823,2.5,4.5,81.8506,18.189,18.189,18.189,22.6041,3.23769,32.7391,13.0957,13.0957,13.0957,15.0276,2.04766,0,81.8506,32.7391,0,0,3.23769,2.04766,76.6678,22.3605,unsupported,unsupported,0.269699,2.78865,5.01958
RHS 90x50x4,90,50,4,8,4,EN10219-2,7.96615,10.148,2.5,4.5,102.71,22.8244,22.8244,22.8244,28.8248,3.18139,40.7065,16.2826,16.2826,16.2826,19.0889,2.00282,0,102.71,40.7065,0,0,3.18139,2.00282,97.7044,27.9611,unsupported,unsupported,0.266265,3.62427,6.52369
RHS 90x50x5,90,50,5,10,5,EN10219-2,9.69961,12.3562,2.5,4.5,120.6,26.7999,26.7999,26.7999,34.4133,3.12414,47.3711,18.9484,18.9484,18.9484,22.701,1.95801,0,120.6,47.3711,0,0,3.12414,1.95801,116.466,32.7471,unsupported,unsupported,0.262832,4.41293,7.94327
RHS 100x30x2,100,30,2,4,2,EN10219-2,3.87554,4.93699,1.5,5,55.7709,11.1542,11.1542,11.1542,14.5848,3.36103,8.21928,5.47952,5.47952,5.47952,6.12536,1.29028,0,55.7709,8.21928,0,0,3.36103,1.29028,24.3306,10.0666,unsupported,unsupported,0.253133,1.13931,3.79769
RHS 100x40x2.5,100,40,2.5,5,2.5,EN10219-2,5.1724,6.58905,2,5,79.318,15.8636,15.8636,15.8636,20.2341,3.46956,18.7776,9.38881,9.38881,9.38881,10.5919,1.68814,0,79.318,18.7776,0,0,3.46956,1.68814,50.5241,16.7557,unsupported,unsupported,0.271416,1.88259,4.70646
RHS 100x40x3,100,40,3,6,3,EN10219-2,6.12946,7.80823,2,5,92.3388,18.4678,18.4678,18.4678,23.7482,3.43887,21.6716,10.8358,10.8358,10.8358,12.3835,1.66598,0,92.3388,21.6716,0,0,3.43887,1.66598,59.0481,19.395,unsupported,unsupported,0.269699,2.23092,5.57731
RHS 100x40x4,100,40,4,8,4,EN10219-2,7.96615,10.148,2,5,115.696,23.1391,23.1391,23.1391,30.2588,3.37652,26.6907,13.3453,13.3453,13.3453,15.6549,1.62177,0,115.696,26.6907,0,0,3.37652,1.62177,74.5268,24.0399,unsupported,unsupported,0.266265,2.89942,7.24855
RHS 100x40x5,100,40,5,10,5,EN10219-2,9.69961,12.3562,2,5,135.602,27.1204,27.1204,27.1204,36.0914,3.31277,30.7592,15.3796,15.3796,15.3796,18.5229,1.57777,0,135.602,30.7592,0,0,3.31277,1.57777,87.9242,27.8958,unsupported,unsupported,0.262832,3.53034,8.82585
RHS 100x50x2,100,50,2,4,2,EN10219-2,4.50354,5.73699,2.5,5,74.9816,14.9963,14.9963,14.9963,18.5048,3.61522,25.6736,10.2695,10.2695,10.2695,11.4623,2.11544,0,74.9816,25.6736,0,0,3.61522,2.11544,61.5861,17.7258,unsupported,unsupported,0.293133,1.91233,3.82466
RHS 100x50x2.5,100,50,2.5,5,2.5,EN10219-2,5.5649,7.08905,2.5,5,91.2034,18.2407,18.2407,18.2407,22.6716,3.58684,31.0585,12.4234,12.4234,12.4234,14.0114,2.09313,0,91.2034,31.0585,0,0,3.58684,2.09313,75.3934,21.492,unsupported,unsupported,0.291416,2.36302,4.72603
RHS 100x50x3,100,50,3,6,3,EN10219-2,6.60046,8.40823,2.5,5,106.457,21.2914,21.2914,21.2914,26.6582,3.55823,36.0571,14.4229,14.4229,14.4229,16.4376,2.07082,0,106.457,36.0571,0,0,3.55823,2.07082,88.5641,25.0122,unsupported,unsupported,0.289699,2.80274,5.60549
RHS 100x50x4,100,50,4,8,4,EN10219-2,8.59415,10.948,2.5,5,134.138,26.8277,26.8277,26.8277,34.0988,3.50034,44.9492,17.9797,17.9797,17.9797,20.9289,2.02626,0,134.138,44.9492,0,0,3.50034,2.02626,112.994,31.3496,unsupported,unsupported,0.286265,3.64932,7.29864
RHS 100x50x5,100,50,5,10,5,EN10219-2,10.4846,13.3562,2.5,5,158.185,31.6371,31.6371,31.6371,40.8414,3.44145,52.4544,20.9818,20.9818,20.9818,24.951,1.98175,0,158.185,52.4544,0,0,3.44145,1.98175,134.872,36.8039,unsupported,unsupported,0.282832,4.45206,8.90413
RHS 100x50x6,100,50,6,12,6,EN10219-2,12.2718,15.6329,2.5,5,178.754,35.7508,35.7508,35.7508,46.9011,3.38149,58.6744,23.4698,23.4698,23.4698,28.5188,1.93733,0,178.754,58.6744,0,0,3.38149,1.93733,154.196,41.4342,unsupported,unsupported,0.279398,5.21097,10.4219
RHS 100x50x6.3,100,50,6.3,15.75,9.45,EN10219-2,12.5204,15.9496,2.5,5,175.68,35.136,35.136,35.136,46.8679,3.31884,58.1863,23.2745,23.2745,23.2745,28.6344,1.91001,0,175.68,58.1863,0,0,3.31884,1.91001,158.077,42.0743,unsupported,unsupported,0.27296,5.31653,10.6331
RHS 100x60x2.5,100,60,2.5,5,2.5,EN10219-2,5.9574,7.58905,3,5,103.089,20.6178,20.6178,20.6178,25.1091,3.68563,46.8838,15.6279,15.6279,15.6279,17.681,2.48552,0,103.089,46.8838,0,0,3.68563,2.48552,103.25,26.2343,unsupported,unsupported,0.311416,2.84589,4.74316
RHS 100x60x3,100,60,3,6,3,EN10219-2,7.07146,9.00823,3,5,120.575,24.115,24.115,24.115,29.5682,3.65855,54.6468,18.2156,18.2156,18.2156,20.7918,2.46299,0,120.575,54.6468,0,0,3.65855,2.46299,121.671,30.6395,unsupported,unsupported,0.309699,3.37809,5.63014
RHS 100x60x4,100,60,4,8,4,EN10219-2,9.22215,11.748,3,5,152.581,30.5162,30.5162,30.5162,37.9388,3.60387,68.6817,22.8939,22.8939,22.8939,26.6029,2.41791,0,152.581,68.6817,0,0,3.60387,2.41791,156.269,38.682,unsupported,unsupported,0.306265,4.40549,7.34248
RHS 100x60x5,100,60,5,10,5,EN10219-2,11.2696,14.3562,3,5,180.769,36.1538,36.1538,36.1538,45.5914,3.54848,80.8278,26.9426,26.9426,26.9426,31.8791,2.3728,0,180.769,80.8278,0,0,3.54848,2.3728,187.864,45.7545,unsupported,unsupported,0.302832,5.38357,8.97262
RHS 100x60x6,100,60,6,12,6,EN10219-2,13.2138,16.8329,3,5,205.298,41.0596,41.0596,41.0596,52.5411,3.49231,91.2015,30.4005,30.4005,30.4005,36.6353,2.32767,0,205.298,91.2015,0,0,3.49231,2.32767,216.44,51.9159,unsupported,unsupported,0.299398,6.31235,10.5206
RHS 100x60x6.3,100,60,6.3,15.75,9.45,EN10219-2,13.5095,17.2096,3,5,203.378,40.6755,40.6755,40.6755,52.771,3.43769,90.9132,30.3044,30.3044,30.3044,36.9242,2.29841,0,203.378,90.9132,0,0,3.43769,2.29841,223.356,53.0012,unsupported,unsupported,0.29296,6.4536,10.756
RHS 100x80x2.5,100,80,2.5,5,2.5,EN10219-2,6.7424,8.58905,4,5,126.86,25.3719,25.3719,25.3719,29.9841,3.84317,90.1681,22.542,22.542,22.542,25.77,3.24007,0,126.86,90.1681,0,0,3.84317,3.24007,165.839,35.7278,unsupported,unsupported,0.351416,3.81735,4.77169
RHS 100x80x3,100,80,3,6,3,EN10219-2,8.01346,10.2082,4,5,148.811,29.7622,29.7622,29.7622,35.3882,3.81805,105.639,26.4096,26.4096,26.4096,30.4,3.21689,0,148.811,105.639,0,0,3.81805,3.21689,196.124,41.909,unsupported,unsupported,0.349699,4.53699,5.67124
RHS 100x80x4,100,80,4,8,4,EN10219-2,10.4782,13.348,4,5,189.466,37.8933,37.8933,37.8933,45.6188,3.76755,134.169,33.5422,33.5422,33.5422,39.1508,3.17043,0,189.466,134.169,0,0,3.76755,3.17043,253.786,53.3805,unsupported,unsupported,0.346265,5.93243,7.41554
RHS 100x80x5,100,80,5,10,5,EN10219-2,12.8396,16.3562,4,5,225.935,45.1871,45.1871,45.1871,55.0914,3.71664,159.609,39.9022,39.9022,39.9022,47.2353,3.12383,0,225.935,159.609,0,0,3.71664,3.12383,307.546,63.7186,unsupported,unsupported,0.342832,7.26942,9.08677
RHS 100x80x6,100,80,6,12,6,EN10219-2,15.0978,19.2329,4,5,258.386,51.6772,51.6772,51.6772,63.8211,3.66532,182.105,45.5262,45.5262,45.5262,54.6682,3.07708,0,258.386,182.105,0,0,3.66532,3.07708,357.375,72.9832,unsupported,unsupported,0.339398,8.54796,10.685
RHS 100x80x6.3,100,80,6.3,15.75,9.45,EN10219-2,15.4877,19.7296,4,5,258.773,51.7546,51.7546,51.7546,64.5772,3.6216,182.811,45.7028,45.7028,45.7028,55.3938,3.04398,0,258.773,182.811,0,0,3.6216,3.04398,371.354,74.9728,unsupported,unsupported,0.33296,8.76871,10.9609
RHS 120x40x3,120,40,3,6,3,EN10219-2,7.07146,9.00823,2,6,148.043,24.6739,24.6739,24.6739,32.1564,4.05392,25.7876,12.8938,12.8938,12.8938,14.6035,1.69194,0,148.043,25.7876,0,0,4.05392,1.69194,74.5625,23.508,unsupported,unsupported,0.309699,2.25206,6.75617
RHS 120x40x4,120,40,4,8,4,EN10219-2,9.22215,11.748,2,6,186.895,31.1491,31.1491,31.1491,41.2067,3.98857,31.896,15.948,15.948,15.948,18.5349,1.64773,0,186.895,31.896,0,0,3.98857,1.64773,94.2289,29.2393,unsupported,unsupported,0.306265,2.93699,8.81097
RHS 120x50x4,120,50,4,8,4,EN10219-2,9.85015,12.548,2.5,6,213.817,35.6362,35.6362,35.6362,45.8467,4.12795,53.4345,21.3738,21.3738,21.3738,24.6089,2.06359,0,213.817,53.4345,0,0,4.12795,2.06359,144.216,38.1293,unsupported,unsupported,0.326265,3.69058,8.85739
RHS 120x50x5,120,50,5,10,5,EN10219-2,12.0546,15.3562,2.5,6,253.891,42.3152,42.3152,42.3152,55.1976,4.06614,62.6211,25.0484,25.0484,25.0484,29.451,2.01938,0,253.891,62.6211,0,0,4.06614,2.01938,172.437,44.9226,unsupported,unsupported,0.322832,4.51653,10.8397
RHS 120x60x2,120,60,2,4,2,EN10219-2,5.44554,6.93699,3,6,131.92,21.9867,21.9867,21.9867,27.0018,4.36084,45.3342,15.1114,15.1114,15.1114,16.7508,2.55639,0,131.92,45.3342,0,0,4.36084,2.55639,107.885,26.047,unsupported,unsupported,0.353133,2.31233,4.62466
RHS 120x60x2.5,120,60,2.5,5,2.5,EN10219-2,6.7424,8.58905,3,6,161.229,26.8716,26.8716,26.8716,33.1981,4.33261,55.1547,18.3849,18.3849,18.3849,20.556,2.53407,0,161.229,55.1547,0,0,4.33261,2.53407,132.568,31.745,unsupported,unsupported,0.351416,2.86302,5.72603
RHS 120x60x3,120,60,3,6,3,EN10219-2,8.01346,10.2082,3,6,189.119,31.5199,31.5199,31.5199,39.1764,4.3042,64.4028,21.4676,21.4676,21.4676,24.2118,2.51175,0,189.119,64.4028,0,0,4.3042,2.51175,156.336,37.1382,unsupported,unsupported,0.349699,3.40274,6.80549
RHS 120x60x4,120,60,4,8,4,EN10219-2,10.4782,13.348,3,6,240.74,40.1233,40.1233,40.1233,50.4867,4.24685,81.2471,27.0824,27.0824,27.0824,31.0829,2.46715,0,240.74,81.2471,0,0,4.24685,2.46715,201.12,47.0477,unsupported,unsupported,0.346265,4.44932,8.89864
RHS 120x60x5,120,60,5,10,5,EN10219-2,12.8396,16.3562,3,6,286.975,47.8291,47.8291,47.8291,60.9476,4.18871,95.9944,31.9981,31.9981,31.9981,37.3791,2.4226,0,286.975,95.9944,0,0,4.18871,2.4226,242.233,55.846,unsupported,unsupported,0.342832,5.45206,10.9041
RHS 120x60x6,120,60,6,12,6,EN10219-2,15.0978,19.2329,3,6,328.013,54.6689,54.6689,54.6689,70.574,4.12974,108.769,36.2565,36.2565,36.2565,43.1153,2.3781,0,328.013,108.769,0,0,4.12974,2.3781,279.671,63.5972,unsupported,unsupported,0.339398,6.41097,12.8219
RHS 120x60x6.3,120,60,6.3,15.75,9.45,EN10219-2,15.4877,19.7296,3,6,326.969,54.4949,54.4949,54.4949,71.2406,4.07094,109.164,36.3879,36.3879,36.3879,43.6904,2.35223,0,326.969,109.164,0,0,4.07094,2.35223,289.349,65.1353,unsupported,unsupported,0.33296,6.57653,13.1531
RHS 120x60x8,120,60,8,20,12,EN10219-2,18.8733,24.0425,3,6,375.308,62.5513,62.5513,62.5513,84.0526,3.95098,123.983,41.3276,41.3276,41.3276,51.2851,2.27086,0,375.308,123.983,0,0,3.95098,2.27086,339.551,74.9634,unsupported,unsupported,0.325664,8.01416,16.0283
RHS 120x80x3,120,80,3,6,3,EN10219-2,8.95546,11.4082,4,6,230.195,38.3659,38.3659,38.3659,46.1964,4.49199,123.435,30.8586,30.8586,30.8586,35.02,3.28934,0,230.195,123.435,0,0,4.49199,3.28934,255.471,50.7995,unsupported,unsupported,0.389699,4.56329,6.84494
RHS 120x80x4,120,80,4,8,4,EN10219-2,11.7342,14.948,4,6,294.585,49.0975,49.0975,49.0975,59.7667,4.4393,157.294,39.3235,39.3235,39.3235,45.2308,3.24388,0,294.585,157.294,0,0,4.4393,3.24388,331.236,64.9267,unsupported,unsupported,0.386265,5.97919,8.96878
RHS 120x80x5,120,80,5,10,5,EN10219-2,14.4096,18.3562,4,6,353.141,58.8569,58.8569,58.8569,72.4476,4.38614,187.775,46.9438,46.9438,46.9438,54.7353,3.19836,0,353.141,187.775,0,0,4.38614,3.19836,402.267,77.772,unsupported,unsupported,0.382832,7.34248,11.0137
RHS 120x80x6,120,80,6,12,6,EN10219-2,16.9818,21.6329,4,6,406.061,67.6769,67.6769,67.6769,84.254,4.3325,215.033,53.7582,53.7582,53.7582,63.5482,3.15279,0,406.061,215.033,0,0,4.3325,3.15279,468.538,89.3992,unsupported,unsupported,0.379398,8.65317,12.9798
RHS 120x80x6.3,120,80,6.3,15.75,9.45,EN10219-2,17.4659,22.2496,4,6,408.497,68.0829,68.0829,68.0829,85.5668,4.28483,217.114,54.2786,54.2786,54.2786,64.68,3.1238,0,408.497,217.114,0,0,4.28483,3.1238,487.822,92.072,unsupported,unsupported,0.37296,8.89984,13.3498
RHS 120x80x8,120,80,8,20,12,EN10219-2,21.3853,27.2425,4,6,475.831,79.3051,79.3051,79.3051,101.973,4.17929,251.662,62.9156,62.9156,62.9156,76.9276,3.03939,0,475.831,251.662,0,0,4.17929,3.03939,584.036,108.013,unsupported,unsupported,0.365664,10.897,16.3455
RHS 120x100x6,120,100,6,12,6,EN10219-2,18.8658,24.0329,5,6,484.109,80.6849,80.6849,80.6849,97.934,4.48816,364.562,72.9124,72.9124,72.9124,86.3811,3.89478,0,484.109,364.562,0,0,4.48816,3.89478,682.036,115.288,unsupported,unsupported,0.419398,10.9241,13.1089
RHS 120x100x8,120,100,8,20,12,EN10219-2,23.8973,30.4425,5,6,576.353,96.0589,96.0589,96.0589,119.893,4.35115,433.827,86.7653,86.7653,86.7653,105.77,3.77501,0,576.353,433.827,0,0,4.35115,3.77501,861.654,141.253,unsupported,unsupported,0.405664,13.8375,16.605
RHS 140x40x5,140,40,5,10,5,EN10219-2,12.8396,16.3562,2,7,334.726,47.818,47.818,47.818,64.8038,4.5238,43.0925,21.5463,21.5463,21.5463,25.5229,1.62315,0,334.726,43.0925,0,0,4.5238,1.62315,135.084,40.212,unsupported,unsupported,0.342832,3.63471,12.7215
RHS 140x60x3,140,60,3,6,3,EN10219-2,8.95546,11.4082,3,7,278.081,39.7258,39.7258,39.7258,49.9847,4.93715,74.1588,24.7196,24.7196,24.7196,27.6318,2.5496,0,278.081,74.1588,0,0,4.93715,2.5496,191.918,43.6385,unsupported,unsupported,0.389699,3.42247,7.98576
RHS 140x60x4,140,60,4,8,4,EN10219-2,11.7342,14.948,3,7,355.595,50.7992,50.7992,50.7992,64.6347,4.87738,93.8124,31.2708,31.2708,31.2708,35.5629,2.50518,0,355.595,93.8124,0,0,4.87738,2.50518,247.129,55.4167,unsupported,unsupported,0.386265,4.48439,10.4636
RHS 140x60x5,140,60,5,10,5,EN10219-2,14.4096,18.3562,3,7,425.893,60.8418,60.8418,60.8418,78.3038,4.8168,111.161,37.0537,37.0537,37.0537,42.8791,2.46085,0,425.893,111.161,0,0,4.8168,2.46085,297.974,65.9432,unsupported,unsupported,0.382832,5.50686,12.8493
RHS 140x60x6,140,60,6,12,6,EN10219-2,16.9818,21.6329,3,7,489.194,69.8849,69.8849,69.8849,91.0069,4.75536,126.337,42.1125,42.1125,42.1125,49.5953,2.41662,0,489.194,126.337,0,0,4.75536,2.41662,344.463,75.2874,unsupported,unsupported,0.379398,6.48988,15.143
RHS 140x70x3,140,70,3,6,3,EN10219-2,9.42646,12.0082,3.5,7,306.239,43.7484,43.7484,43.7484,54.0947,5.04999,104.693,29.9122,29.9122,29.9122,33.4859,2.95269,0,306.239,104.693,0,0,5.04999,2.95269,251.993,51.6627,unsupported,unsupported,0.409699,4.00274,8.00549
RHS 140x70x4,140,70,4,8,4,EN10219-2,12.3622,15.748,3.5,7,392.597,56.0853,56.0853,56.0853,70.0747,4.993,133.179,38.0511,38.0511,38.0511,43.2368,2.90807,0,392.597,133.179,0,0,4.993,2.90807,326.021,65.9411,unsupported,unsupported,0.406265,5.24932,10.4986
RHS 140x70x5,140,70,5,10,5,EN10219-2,15.1946,19.3562,3.5,7,471.476,67.3537,67.3537,67.3537,85.0538,4.93537,158.713,45.3464,45.3464,45.3464,52.3072,2.86349,0,471.476,158.713,0,0,4.93537,2.86349,395.056,78.8773,unsupported,unsupported,0.402832,6.45206,12.9041
RHS 140x80x3,140,80,3,6,3,EN10219-2,9.89746,12.6082,4,7,334.397,47.7709,47.7709,47.7709,58.2047,5.14996,141.231,35.3076,35.3076,35.3076,39.64,3.34686,0,334.397,141.231,0,0,5.14996,3.34686,317.071,59.6921,unsupported,unsupported,0.429699,4.58481,8.02342
RHS 140x80x4,140,80,4,8,4,EN10219-2,12.9902,16.548,4,7,429.6,61.3714,61.3714,61.3714,75.5147,5.09518,180.419,45.1049,45.1049,45.1049,51.3108,3.30194,0,429.6,180.419,0,0,5.09518,3.30194,411.597,76.4775,unsupported,unsupported,0.426265,6.01744,10.5305
RHS 140x80x5,140,80,5,10,5,EN10219-2,15.9796,20.3562,4,7,517.059,73.8656,73.8656,73.8656,91.8038,5.0399,215.942,53.9855,53.9855,53.9855,62.2353,3.25702,0,517.059,215.942,0,0,5.0399,3.25702,500.513,91.834,unsupported,unsupported,0.422832,7.40225,12.9539
RHS 140x80x6,140,80,6,12,6,EN10219-2,18.8658,24.0329,4,7,597.002,85.286,85.286,85.286,107.087,4.98408,247.961,61.9902,61.9902,61.9902,72.4282,3.21209,0,597.002,247.961,0,0,4.98408,3.21209,583.805,105.829,unsupported,unsupported,0.419398,8.73924,15.2937
RHS 140x80x6.3,140,80,6.3,15.75,9.45,EN10219-2,19.4441,24.7696,4,7,602.72,86.1029,86.1029,86.1029,109.076,4.93286,251.417,62.8543,62.8543,62.8543,73.9662,3.18594,0,602.72,251.417,0,0,4.93286,3.18594,608.511,109.187,unsupported,unsupported,0.41296,9.00712,15.7625
RHS 140x80x8,140,80,8,20,12,EN10219-2,23.8973,30.4425,4,7,708.085,101.155,101.155,101.155,130.815,4.82284,293.305,73.3263,73.3263,73.3263,88.4476,3.10399,0,708.085,293.305,0,0,4.82284,3.10399,731.353,128.768,unsupported,unsupported,0.405664,11.07,19.3725
RHS 140x100x5,140,100,5,10,5,EN10219-2,17.5496,22.3562,5,7,608.226,86.8894,86.8894,86.8894,105.304,5.21595,361.435,72.2871,72.2871,72.2871,83.5914,4.02084,0,608.226,361.435,0,0,5.21595,4.02084,732.061,117.788,unsupported,unsupported,0.462832,9.31508,13.0411
RHS 140x100x8,140,100,8,20,12,EN10219-2,26.4093,33.6425,5,7,847.648,121.093,121.093,121.093,151.935,5.01954,501.709,100.342,100.342,100.342,120.49,3.86173,0,847.648,501.709,0,0,5.01954,3.86173,1089.14,168.31,unsupported,unsupported,0.445664,14.0177,19.6248
RHS 150x50x3,150,50,3,6,3,EN10219-2,8.95546,11.4082,2.5,7.5,298.549,39.8066,39.8066,39.8066,51.4288,5.11563,52.6471,21.0589,21.0589,21.0589,23.4876,2.14822,0,298.549,52.6471,0,0,5.11563,2.14822,150.216,38.2761,unsupported,unsupported,0.389699,2.85206,8.55617
RHS 150x50x4,150,50,4,8,4,EN10219-2,11.7342,14.948,2.5,7.5,381.39,50.8521,50.8521,50.8521,66.4687,5.05119,66.1625,26.465,26.465,26.465,30.1289,2.10385,0,381.39,66.1625,0,0,5.05119,2.10385,192.141,48.3033,unsupported,unsupported,0.386265,3.73699,11.211
RHS 150x50x5,150,50,5,10,5,EN10219-2,14.4096,18.3562,2.5,7.5,456.286,60.8381,60.8381,60.8381,80.4819,4.98571,77.8711,31.1484,31.1484,31.1484,36.201,2.05967,0,456.286,77.8711,0,0,4.98571,2.05967,230.051,57.108,unsupported,unsupported,0.382832,4.58905,13.7671
RHS 150x100x3,150,100,3,6,3,EN10219-2,11.3105,14.4082,5,7.5,460.639,61.4186,61.4186,61.4186,73.4788,5.65425,247.637,49.5274,49.5274,49.5274,55.7582,4.14574,0,460.639,247.637,0,0,5.65425,4.14574,507.202,81.4047,unsupported,unsupported,0.489699,5.76329,8.64494
RHS 150x100x4,150,100,4,8,4,EN10219-2,14.8742,18.948,5,7.5,594.604,79.2805,79.2805,79.2805,95.6687,5.60186,318.565,63.713,63.713,63.713,72.4988,4.10032,0,594.604,318.565,0,0,5.60186,4.10032,661.626,104.943,unsupported,unsupported,0.486265,7.57919,11.3688
RHS 150x100x5,150,100,5,10,5,EN10219-2,18.3346,23.3562,5,7.5,719.202,95.8936,95.8936,95.8936,116.732,5.54912,384.019,76.8038,76.8038,76.8038,88.3414,4.05485,0,719.202,384.019,0,0,5.54912,4.05485,808.682,126.81,unsupported,unsupported,0.482832,9.34248,14.0137
RHS 150x100x6,150,100,6,12,6,EN10219-2,21.6918,27.6329,5,7.5,834.685,111.291,111.291,111.291,136.683,5.49602,444.194,88.8388,88.8388,88.8388,103.301,4.00934,0,834.685,444.194,0,0,5.49602,4.00934,948.341,147.075,unsupported,unsupported,0.479398,11.0532,16.5798
RHS 150x100x6.3,150,100,6.3,15.75,9.45,EN10219-2,22.4114,28.5496,5,7.5,848.271,113.103,113.103,113.103,139.882,5.45089,452.657,90.5314,90.5314,90.5314,105.899,3.98185,0,848.271,452.657,0,0,5.45089,3.98185,991.643,152.272,unsupported,unsupported,0.47296,11.4198,17.1298
RHS 150x100x8,150,100,8,20,12,EN10219-2,27.6653,35.2425,5,7.5,1008.13,134.417,134.417,134.417,169.156,5.34841,535.651,107.13,107.13,107.13,127.85,3.89859,0,1008.13,535.651,0,0,5.34841,3.89859,1205.89,181.849,unsupported,unsupported,0.465664,14.097,21.1455
RHS 150x100x10,150,100,10,25,15,EN10219-2,33.4146,42.5664,5,7.5,1161.7,154.893,154.893,154.893,199.165,5.22412,614.41,122.882,122.882,122.882,150.249,3.79923,0,1161.7,614.41,0,0,5.22412,3.79923,1425.87,210.964,unsupported,unsupported,0.45708,17.0265,25.5398
RHS 150x100x12,150,100,12,36,24,EN10219-2,37.7267,48.0595,5,7.5,1207.01,160.935,160.935,160.935,214.864,5.01148,641.822,128.364,128.364,128.364,162.515,3.65441,0,1207.01,641.822,0,0,5.01148,3.65441,1572.86,228.658,unsupported,unsupported,0.438195,19.2238,28.8357
RHS 150x100x12.5,150,100,12.5,37.5,25,EN10219-2,38.8918,49.5437,5,7.5,1224.99,163.332,163.332,163.332,219.643,4.97247,651.267,130.253,130.253,130.253,166.096,3.62564,0,1224.99,651.267,0,0,4.97247,3.62564,1606.26,232.858,unsupported,unsupported,0.435619,19.8175,29.7262
RHS 160x80x4,160,80,4,8,4,EN10219-2,14.2462,18.148,4,8,597.711,74.7138,74.7138,74.7138,92.8627,5.73894,203.545,50.8862,50.8862,50.8862,57.3908,3.34901,0,597.711,203.545,0,0,5.73894,3.34901,494.098,88.0314,unsupported,unsupported,0.466265,6.04932,12.0986
RHS 160x80x5,160,80,5,10,5,EN10219-2,17.5496,22.3562,4,8,721.69,90.2112,90.2112,90.2112,113.16,5.68167,244.109,61.0272,61.0272,61.0272,69.7353,3.3044,0,721.69,244.109,0,0,5.68167,3.3044,601.34,105.901,unsupported,unsupported,0.462832,7.45206,14.9041
RHS 160x80x6,160,80,6,12,6,EN10219-2,20.7498,26.4329,4,8,836.009,104.501,104.501,104.501,132.32,5.62384,280.889,70.2222,70.2222,70.2222,81.3082,3.25983,0,836.009,280.889,0,0,5.62384,3.25983,702.058,122.268,unsupported,unsupported,0.459398,8.81097,17.6219
RHS 160x80x6.3,160,80,6.3,15.75,9.45,EN10219-2,21.4223,27.2896,4,8,846.483,105.81,105.81,105.81,135.106,5.56943,285.72,71.4301,71.4301,71.4301,83.2524,3.23573,0,846.483,285.72,0,0,5.56943,3.23573,732.251,126.31,unsupported,unsupported,0.45296,9.09653,18.1931
RHS 160x80x8,160,80,8,20,12,EN10219-2,26.4093,33.6425,4,8,1001.22,125.153,125.153,125.153,162.858,5.45534,334.948,83.7369,83.7369,83.7369,99.9676,3.15533,0,1001.22,334.948,0,0,5.45534,3.15533,882.333,149.54,unsupported,unsupported,0.445664,11.2142,22.4283
RHS 160x80x10,160,80,10,25,15,EN10219-2,31.8446,40.5664,4,8,1146.34,143.292,143.292,143.292,190.948,5.31585,379.811,94.9528,94.9528,94.9528,116.683,3.05985,0,1146.34,379.811,0,0,5.31585,3.05985,1030.69,171.57,unsupported,unsupported,0.43708,13.5221,27.0442
RHS 160x80x12,160,80,12,36,24,EN10219-2,35.8427,45.6595,4,8,1170.66,146.333,146.333,146.333,203.974,5.0635,391.283,97.8208,97.8208,97.8208,125.016,2.92739,0,1170.66,391.283,0,0,5.0635,2.92739,1110.99,182.613,unsupported,unsupported,0.418195,15.2198,30.4396
RHS 160x80x12.5,160,80,12.5,37.5,25,EN10219-2,36.9293,47.0437,4,8,1184.62,148.078,148.078,148.078,208.165,5.0181,395.753,98.9383,98.9383,98.9383,127.49,2.90042,0,1184.62,395.753,0,0,5.0181,2.90042,1129.02,185.223,unsupported,unsupported,0.415619,15.6812,31.3625
RHS 160x90x5,160,90,5,10,5,EN10219-2,18.3346,23.3562,4.5,8,781.773,97.7216,97.7216,97.7216,120.91,5.78548,319.516,71.0036,71.0036,71.0036,81.1633,3.69867,0,781.773,319.516,0,0,5.78548,3.69867,739.698,120.861,unsupported,unsupported,0.482832,8.40823,14.948
RHS 160x90x8,160,90,8,20,12,EN10219-2,27.6653,35.2425,4.5,8,1093.73,136.716,136.716,136.716,175.018,5.57084,443.459,98.5465,98.5465,98.5465,117.189,3.54727,0,1093.73,443.459,0,0,5.57084,3.54727,1096.54,172.443,unsupported,unsupported,0.465664,12.6873,22.5552
RHS 180x80x3,180,80,3,6,3,EN10219-2,11.7815,15.0082,4,9,620.848,68.9831,68.9831,68.9831,85.8211,6.43173,176.823,44.2056,44.2056,44.2056,48.88,3.43245,0,620.848,176.823,0,0,6.43173,3.43245,444.869,77.4809,unsupported,unsupported,0.509699,4.61792,10.3903
RHS 180x80x4,180,80,4,8,4,EN10219-2,15.5022,19.748,4,9,802.117,89.1242,89.1242,89.1242,111.811,6.3732,226.67,56.6675,56.6675,56.6675,63.4708,3.38794,0,802.117,226.67,0,0,6.3732,3.38794,578.22,99.5872,unsupported,unsupported,0.506265,6.0763,13.6717
RHS 180x100x4,180,100,4,8,4,EN10219-2,16.7582,21.348,5,9,926.043,102.894,102.894,102.894,125.891,6.58624,373.893,74.7786,74.7786,74.7786,84.0188,4.185,0,926.043,373.893,0,0,6.58624,4.185,853.848,127.059,unsupported,unsupported,0.546265,7.62427,13.7237
RHS 180x100x5,180,100,5,10,5,EN10219-2,20.6896,26.3562,5,9,1124.2,124.911,124.911,124.911,154.016,6.53101,451.769,90.3538,90.3538,90.3538,102.591,4.14016,0,1124.2,451.769,0,0,6.53101,4.14016,1044.79,153.883,unsupported,unsupported,0.542832,9.41293,16.9433
RHS 180x100x6,180,100,6,12,6,EN10219-2,24.5178,31.2329,5,9,1309.61,145.512,145.512,145.512,180.833,6.47537,523.826,104.765,104.765,104.765,120.221,4.09531,0,1309.61,523.826,0,0,6.47537,4.09531,1226.68,178.884,unsupported,unsupported,0.539398,11.1546,20.0783
RHS 180x100x6.3,180,100,6.3,15.75,9.45,EN10219-2,25.3787,32.3296,5,9,1334.99,148.332,148.332,148.332,185.542,6.42597,535.75,107.15,107.15,107.15,123.608,4.07081,0,1334.99,535.75,0,0,6.42597,4.07081,1283.41,185.461,unsupported,unsupported,0.53296,11.5463,20.7833
RHS 180x100x8,180,100,8,20,12,EN10219-2,31.4333,40.0425,5,9,1598.49,177.61,177.61,177.61,225.62,6.31822,637.475,127.495,127.495,127.495,149.93,3.98998,0,1598.49,637.475,0,0,6.31822,3.98998,1565.24,222.491,unsupported,unsupported,0.525664,14.3009,25.7416
RHS 180x100x10,180,100,10,25,15,EN10219-2,38.1246,48.5664,5,9,1859.47,206.607,206.607,206.607,267.515,6.18766,736.41,147.282,147.282,147.282,177.249,3.89396,0,1859.47,736.41,0,0,6.18766,3.89396,1858.62,259.611,unsupported,unsupported,0.51708,17.3451,31.2212
RHS 180x100x12,180,100,12,36,24,EN10219-2,43.3787,55.2595,5,9,1965.14,218.348,218.348,218.348,292.353,5.96339,782.078,156.416,156.416,156.416,194.195,3.76203,0,1965.14,782.078,0,0,5.96339,3.76203,2072.88,284.526,unsupported,unsupported,0.498195,19.7355,35.5239
RHS 180x100x12.5,180,100,12.5,37.5,25,EN10219-2,44.7793,57.0437,5,9,2001.02,222.335,222.335,222.335,299.584,5.92273,795.798,159.16,159.16,159.16,198.909,3.73506,0,2001.02,795.798,0,0,5.92273,3.73506,2121.7,290.411,unsupported,unsupported,0.495619,20.3727,36.6709
RHS 180x120x5,180,120,5,10,5,EN10219-2,22.2596,28.3562,6,9,1277.37,141.93,141.93,141.93,171.516,6.71172,683.975,113.996,113.996,113.996,129.948,4.91129,0,1277.37,683.975,0,0,6.71172,4.91129,1423.83,187.836,unsupported,unsupported,0.582832,11.3425,17.0137
RHS 200x80x3,200,80,3,6,3,EN10219-2,12.7235,16.2082,4,10,807.899,80.7899,80.7899,80.7899,101.429,7.0601,194.619,48.6546,48.6546,48.6546,53.5,3.46517,0,807.899,194.619,0,0,7.0601,3.46517,510.386,86.3764,unsupported,unsupported,0.549699,4.63092,11.5773
RHS 200x80x4,200,80,4,8,4,EN10219-2,16.7582,21.348,4,10,1046.02,104.602,104.602,104.602,132.359,6.9999,249.795,62.4489,62.4489,62.4489,69.5508,3.42069,0,1046.02,249.795,0,0,6.9999,3.42069,663.598,111.144,unsupported,unsupported,0.546265,6.09942,15.2485
RHS 200x80x5,200,80,5,10,5,EN10219-2,20.6896,26.3562,4,10,1269.09,126.909,126.909,126.909,161.872,6.93912,300.442,75.1105,75.1105,75.1105,84.7353,3.37628,0,1269.09,300.442,0,0,6.93912,3.37628,808.385,134.046,unsupported,unsupported,0.542832,7.53034,18.8259
RHS 200x80x6,200,80,6,12,6,EN10219-2,24.5178,31.2329,4,10,1477.42,147.742,147.742,147.742,189.986,6.87774,346.745,86.6862,86.6862,86.6862,99.0682,3.33195,0,1477.42,346.745,0,0,6.87774,3.33195,944.77,155.16,unsupported,unsupported,0.539398,8.92369,22.3092
RHS 200x80x8,200,80,8,20,12,EN10219-2,31.4333,40.0425,4,10,1795.76,179.576,179.576,179.576,236.542,6.69674,418.233,104.558,104.558,104.558,123.008,3.23183,0,1795.76,418.233,0,0,6.69674,3.23183,1191.77,191.113,unsupported,unsupported,0.525664,11.4407,28.6018
RHS 200x100x4,200,100,4,8,4,EN10219-2,18.0142,22.948,5,10,1199.71,119.971,119.971,119.971,148.039,7.23045,410.778,82.1557,82.1557,82.1557,91.6988,4.23089,0,1199.71,410.778,0,0,7.23045,4.23089,985.377,141.806,unsupported,unsupported,0.586265,7.64932,15.2986
RHS 200x100x5,200,100,5,10,5,EN10219-2,22.2596,28.3562,5,10,1459.25,145.925,145.925,145.925,181.372,7.17367,496.935,99.3871,99.3871,99.3871,112.091,4.18626,0,1459.25,496.935,0,0,7.17367,4.18626,1206.29,171.936,unsupported,unsupported,0.582832,9.45206,18.9041
RHS 200x100x6,200,100,6,12,6,EN10219-2,26.4018,33.6329,5,10,1703.31,170.331,170.331,170.331,213.266,7.11647,576.914,115.383,115.383,115.383,131.501,4.14165,0,1703.31,576.914,0,0,7.11647,4.14165,1417.03,200.098,unsupported,unsupported,0.579398,11.211,22.4219
RHS 200x100x6.3,200,100,6.3,15.75,9.45,EN10219-2,27.3569,34.8496,5,10,1739.24,173.924,173.924,173.924,219.131,7.0645,591.145,118.229,118.229,118.229,135.414,4.11859,0,1739.24,591.145,0,0,7.0645,4.11859,1482.82,207.596,unsupported,unsupported,0.57296,11.6165,23.2331
RHS 200x100x8,200,100,8,20,12,EN10219-2,33.9453,43.2425,5,10,2090.84,209.084,209.084,209.084,267.262,6.95353,705.357,141.071,141.071,141.071,164.65,4.03877,0,2090.84,705.357,0,0,6.95353,4.03877,1810.72,249.601,unsupported,unsupported,0.565664,14.4142,28.8283
RHS 200x100x10,200,100,10,25,15,EN10219-2,41.2646,52.5664,5,10,2444.4,244.44,244.44,244.44,318.081,6.81917,817.743,163.549,163.549,163.549,195.249,3.94416,0,2444.4,817.743,0,0,6.81917,3.94416,2154.13,292.069,unsupported,unsupported,0.55708,17.5221,35.0442
RHS 200x100x12,200,100,12,36,24,EN10219-2,47.1467,60.0595,5,10,2606.7,260.67,260.67,260.67,350.013,6.58802,875.582,175.116,175.116,175.116,215.315,3.81819,0,2606.7,875.582,0,0,6.58802,3.81819,2414.35,321.813,unsupported,unsupported,0.538195,20.0198,40.0396
RHS 200x100x12.5,200,100,12.5,37.5,25,EN10219-2,48.7043,62.0437,5,10,2658.89,265.889,265.889,265.889,359.127,6.54639,892.152,178.43,178.43,178.43,220.784,3.79202,0,2658.89,892.152,0,0,6.54639,3.79202,2473.75,328.826,unsupported,unsupported,0.535619,20.6812,41.3625
RHS 200x120x4,200,120,4,8,4,EN10219-2,19.2702,24.548,6,10,1353.39,135.339,135.339,135.339,163.719,7.42513,617.657,102.943,102.943,102.943,115.447,5.0161,0,1353.39,617.657,0,0,7.42513,5.0161,1345.35,172.493,unsupported,unsupported,0.626265,9.20549,15.3425
RHS 200x120x5,200,120,5,10,5,EN10219-2,23.8296,30.3562,6,10,1649.42,164.942,164.942,164.942,200.872,7.37127,750.141,125.024,125.024,125.024,141.448,4.97105,0,1649.42,750.141,0,0,7.37127,4.97105,1652,209.875,unsupported,unsupported,0.622832,11.3836,18.9726
RHS 200x120x6,200,120,6,12,6,EN10219-2,28.2858,36.0329,6,10,1929.2,192.92,192.92,192.92,236.546,7.31709,874.349,145.725,145.725,145.725,166.334,4.92598,0,1929.2,874.349,0,0,7.31709,4.92598,1946.73,245.116,unsupported,unsupported,0.619398,13.5123,22.5206
RHS 200x120x6.3,200,120,6.3,15.75,9.45,EN10219-2,29.3351,37.3696,6,10,1975.7,197.57,197.57,197.57,243.538,7.27112,897.664,149.611,149.611,149.611,171.524,4.90115,0,1975.7,897.664,0,0,7.27112,4.90115,2040.16,254.707,unsupported,unsupported,0.61296,14.0136,23.356
RHS 200x120x8,200,120,8,20,12,EN10219-2,36.4573,46.4425,6,10,2385.92,238.592,238.592,238.592,297.982,7.16755,1078.97,179.828,179.828,179.828,209.493,4.81999,0,2385.92,1078.97,0,0,7.16755,4.81999,2507.04,308.267,unsupported,unsupported,0.605664,17.4159,29.0265
RHS 200x120x10,200,120,10,25,15,EN10219-2,44.4046,56.5664,6,10,2805.73,280.573,280.573,280.573,356.081,7.04277,1262.14,210.357,210.357,210.357,249.816,4.72362,0,2805.73,1262.14,0,0,7.04277,4.72362,3007.03,363.688,unsupported,unsupported,0.59708,21.2124,35.354
RHS 200x120x12,200,120,12,36,24,EN10219-2,50.9147,64.8595,6,10,3031.41,303.141,303.141,303.141,395.133,6.83652,1367.87,227.979,227.979,227.979,277.775,4.59236,0,3031.41,1367.87,0,0,6.83652,4.59236,3418.93,405.7,unsupported,unsupported,0.578195,24.3223,40.5372
RHS 200x120x12.5,200,120,12.5,37.5,25,EN10219-2,52.6293,67.0437,6,10,3099,309.9,309.9,309.9,406.002,6.79879,1397.43,232.905,232.905,232.905,285.327,4.56548,0,3099,1397.43,0,0,6.79879,4.56548,3513.84,415.667,unsupported,unsupported,0.575619,25.1414,41.9023
RHS 200x150x5,200,150,5,10,5,EN10219-2,26.1846,33.3562,7.5,10,1934.67,193.467,193.467,193.467,230.122,7.6158,1245.04,166.005,166.005,166.005,189.232,6.10946,0,1934.67,1245.04,0,0,7.6158,6.10946,2391.38,266.83,unsupported,unsupported,0.682832,14.2955,19.0607
RHS 200x150x6,200,150,6,12,6,EN10219-2,31.1118,39.6329,7.5,10,2268.03,226.803,226.803,226.803,271.466,7.56478,1457.13,194.283,194.283,194.283,223.083,6.06346,0,2268.03,1457.13,0,0,7.56478,6.06346,2826.19,312.723,unsupported,unsupported,0.679398,16.9855,22.6474
RHS 200x150x8,200,150,8,20,12,EN10219-2,40.2253,51.2425,7.5,10,2828.55,282.855,282.855,282.855,344.062,7.42962,1815.54,242.072,242.072,242.072,282.756,5.95234,0,2828.55,1815.54,0,0,7.42962,5.95234,3664.86,396.444,unsupported,unsupported,0.665664,21.9611,29.2814
RHS 250x100x5,250,100,5,10,5,EN10219-2,26.1846,33.3562,5,12.5,2553.76,204.301,204.301,204.301,258.513,8.74987,609.852,121.97,121.97,121.97,135.841,4.27587,0,2553.76,609.852,0,0,8.74987,4.27587,1620.11,217.079,unsupported,unsupported,0.682832,9.53034,23.8259
RHS 250x100x6,250,100,6,12,6,EN10219-2,31.1118,39.6329,5,12.5,2992.34,239.387,239.387,239.387,304.848,8.68916,709.634,141.927,141.927,141.927,159.701,4.23145,0,2992.34,709.634,0,0,8.68916,4.23145,1904.54,253.146,unsupported,unsupported,0.679398,11.3237,28.3092
RHS 250x100x8,250,100,8,20,12,EN10219-2,40.2253,51.2425,5,12.5,3714.08,297.127,297.127,297.127,385.369,8.51355,875.064,175.013,175.013,175.013,201.45,4.13242,0,3714.08,875.064,0,0,8.51355,4.13242,2438.66,317.405,unsupported,unsupported,0.665664,14.6407,36.6018
RHS 250x150x4,250,150,4,8,4,EN10219-2,24.2942,30.948,7.5,12.5,2696.87,215.75,215.75,215.75,259.609,9.33499,1234.24,164.566,164.566,164.566,183.269,6.31516,0,2696.87,1234.24,0,0,9.33499,6.31516,2664.68,275.384,unsupported,unsupported,0.786265,11.6055,19.3425
RHS 250x150x5,250,150,5,10,5,EN10219-2,30.1096,38.3562,7.5,12.5,3304.18,264.334,264.334,264.334,319.763,9.28141,1507.95,201.06,201.06,201.06,225.482,6.27012,0,3304.18,1507.95,0,0,9.28141,6.27012,3284.54,336.9,unsupported,unsupported,0.782832,14.3836,23.9726
RHS 250x150x6,250,150,6,12,6,EN10219-2,35.8218,45.6329,7.5,12.5,3885.56,310.845,310.845,310.845,378.048,9.22758,1768.35,235.779,235.779,235.779,266.283,6.22507,0,3885.56,1768.35,0,0,9.22758,6.22507,3885.8,395.648,unsupported,unsupported,0.779398,17.1123,28.5206
RHS 250x150x6.3,250,150,6.3,15.75,9.45,EN10219-2,37.2479,47.4496,7.5,12.5,4001.43,320.114,320.114,320.114,390.896,9.18314,1824.59,243.279,243.279,243.279,275.679,6.20107,0,4001.43,1824.59,0,0,9.18314,6.20107,4077.7,412.176,unsupported,unsupported,0.77296,17.7936,29.656
RHS 250x150x8,250,150,8,20,12,EN10219-2,46.5053,59.2425,7.5,12.5,4885.79,390.863,390.863,390.863,482.169,9.08136,2219.25,295.9,295.9,295.9,339.556,6.12049,0,4885.79,2219.25,0,0,9.08136,6.12049,5050.45,503.958,unsupported,unsupported,0.765664,22.2159,37.0265
RHS 250x150x10,250,150,10,25,15,EN10219-2,56.9646,72.5664,7.5,12.5,5825.01,466.001,466.001,466.001,581.997,8.95943,2634.2,351.226,351.226,351.226,409.165,6.02499,0,5825.01,2634.2,0,0,8.95943,6.02499,6120.7,602.084,unsupported,unsupported,0.75708,27.2124,45.354
RHS 250x150x12,250,150,12,36,24,EN10219-2,65.9867,84.0595,7.5,12.5,6457.9,516.632,516.632,516.632,657.961,8.76501,2925.29,390.039,390.039,390.039,463.264,5.89917,0,6457.9,2925.29,0,0,8.76501,5.89917,7088.46,684.426,unsupported,unsupported,0.738195,31.5223,52.5372
RHS 250x150x12.5,250,150,12.5,37.5,25,EN10219-2,68.3293,87.0437,7.5,12.5,6632.67,530.613,530.613,530.613,678.299,8.72922,3002.33,400.311,400.311,400.311,477.456,5.87301,0,6632.67,3002.33,0,0,8.72922,5.87301,7314.55,704.1,unsupported,unsupported,0.735619,32.6414,54.4023
RHS 250x150x16,250,150,16,48,32,EN10219-2,83.8163,106.772,7.5,12.5,7659.83,612.786,612.786,612.786,805.305,8.46993,3452.73,460.364,460.364,460.364,565.843,5.68659,0,7659.83,3452.73,0,0,8.46993,5.68659,8712.52,823.034,unsupported,unsupported,0.717593,40.0396,66.7327
RHS 260x180x5,260,180,5,10,5,EN10219-2,33.2496,42.3562,9,13,4121.36,317.028,317.028,317.028,377.441,9.8642,2349.53,261.059,261.059,261.059,294.016,7.44787,0,4121.36,2349.53,0,0,9.8642,7.44787,4694.89,425.87,unsupported,unsupported,0.862832,17.3275,25.0287
RHS 260x180x6.3,260,180,6.3,15.75,9.45,EN10219-2,41.2043,52.4896,9,13,5012.66,385.589,385.589,385.589,462.885,9.77231,2856.31,317.368,317.368,317.368,360.631,7.37677,0,5012.66,2856.31,0,0,9.77231,7.37677,5844.33,522.953,unsupported,unsupported,0.85296,21.473,31.0166
RHS 260x180x8,260,180,8,20,12,EN10219-2,51.5293,65.6425,9,13,6145.21,472.708,472.708,472.708,572.67,9.67555,3493.23,388.137,388.137,388.137,445.78,7.29493,0,6145.21,3493.23,0,0,9.67555,7.29493,7266.68,642.426,unsupported,unsupported,0.845664,26.8537,38.7887
RHS 260x180x10,260,180,10,25,15,EN10219-2,63.2446,80.5664,9,13,7363.31,566.409,566.409,566.409,693.78,9.56004,4174.13,463.793,463.793,463.793,539.515,7.19791,0,7363.31,4174.13,0,0,9.56004,7.19791,8850.3,771.936,unsupported,unsupported,0.83708,32.959,47.6074
RHS 260x180x12,260,180,12,36,24,EN10219-2,73.5227,93.6595,9,13,8245.01,634.231,634.231,634.231,789.871,9.38252,4679.25,519.916,519.916,519.916,614.913,7.06825,0,8245.01,4679.25,0,0,9.38252,7.06825,10328.3,884.401,unsupported,unsupported,0.818195,38.3152,55.3442
RHS 260x180x12.5,260,180,12.5,37.5,25,EN10219-2,76.1793,97.0437,9,13,8482.47,652.498,652.498,652.498,815.258,9.34926,4811.85,534.65,534.65,534.65,634.584,7.04162,0,8482.47,4811.85,0,0,9.34926,7.04162,10676,911.404,unsupported,unsupported,0.815619,39.6997,57.344
RHS 260x180x16,260,180,16,48,32,EN10219-2,93.8643,119.572,9,13,9923,763.308,763.308,763.308,976.611,9.10974,5613.55,623.728,623.728,623.728,759.441,6.85178,0,9923,5613.55,0,0,9.10974,6.85178,12890,1079.42,unsupported,unsupported,0.797593,48.916,70.6564
RHS 300x100x6,300,100,6,12,6,EN10219-2,35.8218,45.6329,5,15,4776.79,318.453,318.453,318.453,411.43,10.2313,842.354,168.471,168.471,168.471,187.901,4.29643,0,4776.79,842.354,0,0,10.2313,4.29643,2403.46,306.208,unsupported,unsupported,0.779398,11.4082,34.2247
RHS 300x100x6.3,300,100,6.3,15.75,9.45,EN10219-2,37.2479,47.4496,5,15,4906.8,327.12,327.12,327.12,424.879,10.1691,868.122,173.624,173.624,173.624,194.445,4.27734,0,4906.8,868.122,0,0,10.1691,4.27734,2515.18,318.316,unsupported,unsupported,0.77296,11.8624,35.5872
RHS 300x100x8,300,100,8,20,12,EN10219-2,46.5053,59.2425,5,15,5977.86,398.524,398.524,398.524,523.475,10.0451,1044.77,208.954,208.954,208.954,238.25,4.19946,0,5977.86,1044.77,0,0,10.0451,4.19946,3080.34,385.236,unsupported,unsupported,0.765664,14.8106,44.4319
RHS 300x100x10,300,100,10,25,15,EN10219-2,56.9646,72.5664,5,15,7106.03,473.735,473.735,473.735,630.913,9.89569,1224.41,244.882,244.882,244.882,285.249,4.10767,0,7106.03,1224.41,0,0,9.89569,4.10767,3681,454.513,unsupported,unsupported,0.75708,18.1416,54.4248
RHS 300x100x12,300,100,12,36,24,EN10219-2,65.9867,84.0595,5,15,7808.31,520.554,520.554,520.554,710.31,9.63796,1343.1,268.62,268.62,268.62,320.915,3.99725,0,7808.31,1343.1,0,0,9.63796,3.99725,4177.46,508.488,unsupported,unsupported,0.738195,21.0149,63.0446
RHS 300x100x12.5,300,100,12.5,37.5,25,EN10219-2,68.3293,87.0437,5,15,8009.59,533.973,533.973,533.973,731.846,9.59261,1373.92,274.785,274.785,274.785,330.159,3.97294,0,8009.59,1373.92,0,0,9.59261,3.97294,4291.5,521.167,unsupported,unsupported,0.735619,21.7609,65.2828
RHS 300x100x16,300,100,16,48,32,EN10219-2,83.8163,106.772,5,15,9157.36,610.491,610.491,610.491,865.036,9.26095,1543.16,308.633,308.633,308.633,386.112,3.80169,0,9157.36,1543.16,0,0,9.26095,3.80169,4938.77,592.315,unsupported,unsupported,0.717593,26.6931,80.0793
RHS 300x150x6,300,150,6,12,6,EN10219-2,40.5318,51.6329,7.5,15,6073.51,404.901,404.901,404.901,499.63,10.8457,2079.57,277.275,277.275,277.275,309.483,6.34633,0,6073.51,2079.57,0,0,10.8457,6.34633,4988.47,478.596,unsupported,unsupported,0.879398,17.211,34.4219
RHS 300x150x6.3,300,150,6.3,15.75,9.45,EN10219-2,42.1934,53.7496,7.5,15,6265.59,417.706,417.706,417.706,517.395,10.7968,2150.03,286.671,286.671,286.671,320.944,6.32463,0,6265.59,2150.03,0,0,10.7968,6.32463,5234.42,498.911,unsupported,unsupported,0.87296,17.9165,35.8331
RHS 300x150x8,300,150,8,20,12,EN10219-2,52.7853,67.2425,7.5,15,7683.57,512.238,512.238,512.238,640.275,10.6896,2622.95,349.727,349.727,349.727,396.356,6.24559,0,7683.57,2622.95,0,0,10.6896,6.24559,6490.59,611.52,unsupported,unsupported,0.865664,22.4142,44.8283
RHS 300x150x10,300,150,10,25,15,EN10219-2,64.8146,82.5664,7.5,15,9209.37,613.958,613.958,613.958,775.913,10.5612,3125.03,416.671,416.671,416.671,479.165,6.15213,0,9209.37,3125.03,0,0,10.5612,6.15213,7878.65,732.806,unsupported,unsupported,0.85708,27.5221,55.0442
RHS 300x150x12,300,150,12,36,24,EN10219-2,75.4067,96.0595,7.5,15,10298.1,686.538,686.538,686.538,883.11,10.354,3498.05,466.407,466.407,466.407,546.064,6.03452,0,10298.1,3498.05,0,0,10.354,6.03452,9153.1,836.907,unsupported,unsupported,0.838195,32.0198,64.0396
RHS 300x150x12.5,300,150,12.5,37.5,25,EN10219-2,78.1418,99.5437,7.5,15,10594.2,706.282,706.282,706.282,911.533,10.3164,3594.78,479.304,479.304,479.304,563.393,6.00938,0,10594.2,3594.78,0,0,10.3164,6.00938,9451.9,861.803,unsupported,unsupported,0.835619,33.1812,66.3625
RHS 300x150x16,300,150,16,48,32,EN10219-2,96.3763,122.772,7.5,15,12387,825.801,825.801,825.801,1092.24,10.0446,4174.38,556.585,556.585,556.585,673.043,5.83104,0,12387,4174.38,0,0,10.0446,5.83104,11328,1014.95,unsupported,unsupported,0.817593,40.9241,81.8483
RHS 300x200x6,300,200,6,12,6,EN10219-2,45.2418,57.6329,10,15,7370.23,491.349,491.349,491.349,587.83,11.3085,3962.19,396.219,396.219,396.219,446.066,8.29148,0,7370.23,3962.19,0,0,11.3085,8.29148,8115.23,651.238,unsupported,unsupported,0.979398,23.0532,34.5798
RHS 300x200x6.3,300,200,6.3,15.75,9.45,EN10219-2,47.1389,60.0496,10,15,7624.39,508.293,508.293,508.293,609.91,11.268,4103.82,410.382,410.382,410.382,463.193,8.26683,0,7624.39,4103.82,0,0,11.268,8.26683,8523.54,679.796,unsupported,unsupported,0.97296,24.0198,36.0298
RHS 300x200x8,300,200,8,20,12,EN10219-2,59.0653,75.2425,10,15,9389.27,625.952,625.952,625.952,757.075,11.1708,5041.67,504.167,504.167,504.167,574.462,8.18569,0,9389.27,5041.67,0,0,11.1708,8.18569,10626.5,838.38,unsupported,unsupported,0.965664,30.097,45.1455
RHS 300x200x10,300,200,10,25,15,EN10219-2,72.6646,92.5664,10,15,11312.7,754.18,754.18,754.18,920.913,11.0549,6057.73,605.773,605.773,605.773,698.081,8.08962,0,11312.7,6057.73,0,0,11.0549,8.08962,12987.1,1012.19,unsupported,unsupported,0.95708,37.0265,55.5398
RHS 300x200x12,300,200,12,36,24,EN10219-2,84.8267,108.059,10,15,12787.8,852.522,852.522,852.522,1055.91,10.8785,6853.74,685.374,685.374,685.374,801.213,7.96402,0,12787.8,6853.74,0,0,10.8785,7.96402,15235.6,1167.14,unsupported,unsupported,0.938195,43.2238,64.8357
RHS 300x200x12.5,300,200,12.5,37.5,25,EN10219-2,87.9543,112.044,10,15,13178.9,878.591,878.591,878.591,1091.22,10.8454,7059.94,705.994,705.994,705.994,827.877,7.93792,0,13178.9,7059.94,0,0,10.8454,7.93792,15767.7,1204.48,unsupported,unsupported,0.935619,44.8175,67.2262
RHS 300x200x16,300,200,16,48,32,EN10219-2,108.936,138.772,10,15,15616.7,1041.11,1041.11,1041.11,1319.44,10.6082,8340.26,834.026,834.026,834.026,999.974,7.75244,0,15616.7,8340.26,0,0,10.6082,7.75244,19222.9,1441.73,unsupported,unsupported,0.917593,55.509,83.2634
RHS 350x250x6,350,250,6,12,6,EN10219-2,54.6618,69.6329,12.5,17.5,12457.3,711.846,711.846,711.846,842.613,13.3753,7458.44,596.675,596.675,596.675,670.848,10.3494,0,12457.3,7458.44,0,0,13.3753,10.3494,14553.7,966.838,unsupported,unsupported,1.1794,29.0137,40.6192
RHS 350x250x6.3,350,250,6.3,15.75,9.45,EN10219-2,57.0299,72.6496,12.5,17.5,12923.1,738.465,738.465,738.465,876.175,13.3373,7743.81,619.505,619.505,619.505,697.958,10.3243,0,12923.1,7743.81,0,0,13.3373,10.3243,15291,1010.43,unsupported,unsupported,1.17296,30.2707,42.3789
RHS 350x250x8,350,250,8,20,12,EN10219-2,71.6253,91.2425,12.5,17.5,16001.3,914.359,914.359,914.359,1091.98,13.2428,9572.62,765.809,765.809,765.809,869.369,10.2428,0,16001.3,9572.62,0,0,13.2428,10.2428,19136.3,1252.81,unsupported,unsupported,1.16566,38.0177,53.2248
RHS 350x250x10,350,250,10,25,15,EN10219-2,88.3646,112.566,12.5,17.5,19407.5,1109,1109,1109,1334.83,13.1305,11588.3,927.067,927.067,927.067,1062,10.1463,0,19407.5,11588.3,0,0,13.1305,10.1463,23499.7,1522.29,unsupported,unsupported,1.15708,46.9027,65.6637
RHS 350x250x12,350,250,12,36,24,EN10219-2,103.667,132.059,12.5,17.5,22196.5,1268.37,1268.37,1268.37,1543.86,12.9646,13260.9,1060.87,1060.87,1060.87,1229.16,10.0208,0,22196.5,13260.9,0,0,12.9646,10.0208,27749.3,1769.81,unsupported,unsupported,1.13819,55.0248,77.0347
RHS 350x250x12.5,350,250,12.5,37.5,25,EN10219-2,107.579,137.044,12.5,17.5,22922.5,1309.86,1309.86,1309.86,1597.89,12.9331,13690,1095.2,1095.2,1095.2,1272.05,9.99474,0,22922.5,13690,0,0,12.9331,9.99474,28763.6,1829.81,unsupported,unsupported,1.13562,57.1015,79.9422
RHS 350x250x16,350,250,16,48,32,EN10219-2,134.056,170.772,12.5,17.5,27580.2,1576.01,1576.01,1576.01,1953.57,12.7084,16434.4,1314.76,1314.76,1314.76,1554.1,9.80999,0,27580.2,16434.4,0,0,12.7084,9.80999,35497.2,2220.26,unsupported,unsupported,1.11759,71.1552,99.6172
RHS 400x200x8,400,200,8,20,12,EN10219-2,71.6253,91.2425,10,20,18974.4,948.721,948.721,948.721,1173.29,14.4207,6517.08,651.708,651.708,651.708,728.062,8.45139,0,18974.4,6517.08,0,0,14.4207,8.45139,15820.2,1133.29,unsupported,unsupported,1.16566,30.4142,60.8283
RHS 400x200x12.5,400,200,12.5,37.5,25,EN10219-2,107.579,137.044,10,20,27100.5,1355.02,1355.02,1355.02,1713.94,14.0624,9260.46,926.046,926.046,926.046,1062.25,8.22028,0,27100.5,9260.46,0,0,14.0624,8.22028,23594.1,1644.04,unsupported,unsupported,1.13562,45.6812,91.3625
RHS 400x200x16,400,200,16,48,32,EN10219-2,134.056,170.772,10,20,32547,1627.35,1627.35,1627.35,2093.3,13.8053,11055.6,1105.56,1105.56,1105.56,1294.37,8.04603,0,32547,11055.6,0,0,13.8053,8.04603,28928.3,1983.78,unsupported,unsupported,1.11759,56.9241,113.848
RHS 400x300x8,400,300,8,20,12,EN10219-2,84.1853,107.242,15,20,25121.8,1256.09,1256.09,1256.09,1486.89,15.3053,16212.1,1080.81,1080.81,1080.81,1224.27,12.2952,0,25121.8,16212.1,0,0,15.3053,12.2952,31178.9,1747.24,unsupported,unsupported,1.36566,45.9611,61.2814
RHS 400x300x10,400,300,10,25,15,EN10219-2,104.065,132.566,15,20,30609.3,1530.47,1530.47,1530.47,1823.74,15.1953,19726,1315.07,1315.07,1315.07,1500.91,12.1984,0,30609.3,19726,0,0,15.1953,12.1984,38407,2132.38,unsupported,unsupported,1.35708,56.8142,75.7522
RHS 400x300x12,400,300,12,36,24,EN10219-2,122.507,156.059,15,20,35283.9,1764.2,1764.2,1764.2,2121.81,15.0364,22746.9,1516.46,1516.46,1516.46,1747.11,12.073,0,35283.9,22746.9,0,0,15.0364,12.073,45527.1,2492.45,unsupported,unsupported,1.33819,66.8826,89.1768
RHS 400x300x12.5,400,300,12.5,37.5,25,EN10219-2,127.204,162.044,15,20,36488.5,1824.43,1824.43,1824.43,2198.31,15.0059,23517.4,1567.83,1567.83,1567.83,1809.97,12.047,0,36488.5,23517.4,0,0,15.0059,12.047,47237.1,2580.08,unsupported,unsupported,1.33562,69.4473,92.5964
RHS 400x300x16,400,300,16,48,32,EN10219-2,159.176,202.772,15,20,44350.3,2217.52,2217.52,2217.52,2707.7,14.7892,28535.3,1902.35,1902.35,1902.35,2228.24,11.8628,0,44350.3,28535.3,0,0,14.7892,11.8628,58730.4,3158.63,unsupported,unsupported,1.31759,86.9025,115.87
