designation,b_mm,t_mm,ro_mm,ri_mm,corner_radii,mass_kg_m,A_cm2,ys_cm,zs_cm,Iy_cm4,Wel_y_cm3,Wel_y_bottom_cm3,Wel_y_top_cm3,Wpl_y_cm3,i_y_cm,Iz_cm4,Wel_z_cm3,Wel_z_left_cm3,Wel_z_right_cm3,Wpl_z_cm3,i_z_cm,Iyz_cm4,Iu_cm4,Iv_cm4,alpha_deg,tan_alpha,i_u_cm,i_v_cm,It_cm4,Wt_cm3,Iw_cm6,ym_cm,surface_m2_m
SHS 15x15x2,15,2,4,2,EN10219-2,0.735538,0.936991,0.75,0.75,0.247964,0.330619,0.330619,0.330619,0.437614,0.514431,0.247964,0.330619,0.330619,0.330619,0.437614,0.514431,0,0.247964,0.247964,0,0,0.514431,0.514431,0.456628,0.513945,unsupported,unsupported,0.0531327
SHS 20x20x1.5,20,1.5,3,1.5,EN10219-2,0.825865,1.05206,1,1,0.582722,0.582722,0.582722,0.582722,0.71544,0.744237,0.582722,0.582722,0.582722,0.582722,0.71544,0.744237,0,0.582722,0.582722,0,0,0.744237,0.744237,0.984656,0.884248,unsupported,unsupported,0.0748496
SHS 20x20x2,20,2,4,2,EN10219-2,1.04954,1.33699,1,1,0.692166,0.692166,0.692166,0.692166,0.876861,0.719517,0.692166,0.692166,0.692166,0.692166,0.876861,0.719517,0,0.692166,0.692166,0,0,0.719517,0.719517,1.2149,1.05991,unsupported,unsupported,0.0731327
SHS 20x20x3,20,3,6,3,EN10219-2,1.41946,1.80823,1,1,0.808743,0.808743,0.808743,0.808743,1.09529,0.668772,0.808743,0.808743,0.808743,0.808743,1.09529,0.668772,0,0.808743,0.808743,0,0,0.668772,0.668772,1.52305,1.26787,unsupported,unsupported,0.0696991
SHS 25x25x1.5,25,1.5,3,1.5,EN10219-2,1.06137,1.35206,1.25,1.25,1.2167,0.973357,0.973357,0.973357,1.17345,0.948623,1.2167,0.973357,0.973357,0.973357,1.17345,0.948623,0,1.2167,1.2167,0,0,0.948623,0.948623,2.00842,1.4706,unsupported,unsupported,0.0948496
SHS 25x25x2,25,2,4,2,EN10219-2,1.36354,1.73699,1.25,1.25,1.48349,1.18679,1.18679,1.18679,1.46611,0.924153,1.48349,1.18679,1.18679,1.18679,1.46611,0.924153,0,1.48349,1.48349,0,0,0.924153,0.924153,2.52613,1.80385,unsupported,unsupported,0.0931327
SHS 25x25x2.5,25,2.5,5,2.5,EN10219-2,1.6399,2.08905,1.25,1.25,1.68986,1.35189,1.35189,1.35189,1.71262,0.899396,1.68986,1.35189,1.35189,1.35189,1.71262,0.899396,0,1.68986,1.68986,0,0,0.899396,0.899396,2.96605,2.07013,unsupported,unsupported,0.0914159
SHS 25x25x3,25,3,6,3,EN10219-2,1.89046,2.40823,1.25,1.25,1.8409,1.47272,1.47272,1.47272,1.91485,0.874312,1.8409,1.47272,1.47272,1.47272,1.91485,0.874312,0,1.8409,1.8409,0,0,0.874312,0.874312,3.32706,2.27483,unsupported,unsupported,0.0896991
SHS 30x30x1.5,30,1.5,3,1.5,EN10219-2,1.29687,1.65206,1.5,1.5,2.19593,1.46395,1.46395,1.46395,1.74397,1.15291,2.19593,1.46395,1.46395,1.46395,1.74397,1.15291,0,2.19593,2.19593,0,0,1.15291,1.15291,3.56819,2.20655,unsupported,unsupported,0.11485
SHS 30x30x2,30,2,4,2,EN10219-2,1.67754,2.13699,1.5,1.5,2.72194,1.81463,1.81463,1.81463,2.20536,1.12859,2.72194,1.81463,1.81463,1.81463,2.20536,1.12859,0,2.72194,2.72194,0,0,1.12859,1.12859,4.54027,2.74665,unsupported,unsupported,0.113133
SHS 30x30x2.5,30,2.5,5,2.5,EN10219-2,2.0324,2.58905,1.5,1.5,3.1559,2.10393,2.10393,2.10393,2.60988,1.10406,3.1559,2.10393,2.10393,2.10393,2.60988,1.10406,0,3.1559,3.1559,0,0,1.10406,1.10406,5.40148,3.20151,unsupported,unsupported,0.111416
SHS 30x30x3,30,3,6,3,EN10219-2,2.36146,3.00823,1.5,1.5,3.50409,2.33606,2.33606,2.33606,2.95941,1.07928,3.50409,2.33606,2.33606,2.33606,2.95941,1.07928,0,3.50409,3.50409,0,0,1.07928,1.07928,6.15041,3.57719,unsupported,unsupported,0.109699
SHS 35x35x2,35,2,4,2,EN10219-2,1.99154,2.53699,1.75,1.75,4.50752,2.57572,2.57572,2.57572,3.0946,1.33294,4.50752,2.57572,2.57572,2.57572,3.0946,1.33294,0,4.50752,4.50752,0,0,1.33294,1.33294,7.40731,3.88873,unsupported,unsupported,0.133133
SHS 35x35x3,35,3,6,3,EN10219-2,2.83246,3.60823,1.75,1.75,5.94831,3.39903,3.39903,3.39903,4.22896,1.28395,5.94831,3.39903,3.39903,3.39903,4.22896,1.28395,0,5.94831,5.94831,0,0,1.28395,1.28395,10.2179,5.17659,unsupported,unsupported,0.129699
SHS 40x40x2,40,2,4,2,EN10219-2,2.30554,2.93699,2,2,6.94021,3.47011,3.47011,3.47011,4.13385,1.53722,6.94021,3.47011,3.47011,3.47011,4.13385,1.53722,0,6.94021,6.94021,0,0,1.53722,1.53722,11.2772,5.23035,unsupported,unsupported,0.153133
SHS 40x40x2.5,40,2.5,5,2.5,EN10219-2,2.8174,3.58905,2,2,8.21513,4.10756,4.10756,4.10756,4.96691,1.51293,8.21513,4.10756,4.10756,4.10756,4.96691,1.51293,0,8.21513,8.21513,0,0,1.51293,1.51293,13.6141,6.21006,unsupported,unsupported,0.151416
SHS 40x40x3,40,3,6,3,EN10219-2,3.30346,4.20823,2,2,9.32356,4.66178,4.66178,4.66178,5.72352,1.48847,9.32356,4.66178,4.66178,4.66178,5.72352,1.48847,0,9.32356,9.32356,0,0,1.48847,1.48847,15.7545,7.07398,unsupported,unsupported,0.149699
SHS 40x40x4,40,4,8,4,EN10219-2,4.19815,5.34796,2,2,11.0747,5.53733,5.53733,5.53733,7.01489,1.43903,11.0747,5.53733,5.53733,5.53733,7.01489,1.43903,0,11.0747,11.0747,0,0,1.43903,1.43903,19.4383,8.47927,unsupported,unsupported,0.146265
SHS 45x45x2,45,2,4,2,EN10219-2,2.61954,3.33699,2.25,2.25,10.12,4.49779,4.49779,4.49779,5.3231,1.74146,10.12,4.49779,4.49779,4.49779,5.3231,1.74146,0,10.12,10.12,0,0,1.74146,1.74146,16.3001,6.77164,unsupported,unsupported,0.173133
SHS 45x45x3,45,3,6,3,EN10219-2,3.77446,4.80823,2.25,2.25,13.7798,6.12437,6.12437,6.12437,7.44308,1.69289,13.7798,6.12437,6.12437,6.12437,7.44308,1.69289,0,13.7798,13.7798,0,0,1.69289,1.69289,22.9851,9.26993,unsupported,unsupported,0.169699
SHS 45x45x4,45,4,8,4,EN10219-2,4.82615,6.14796,2.25,2.25,16.611,7.38268,7.38268,7.38268,9.22188,1.64374,16.611,7.38268,7.38268,7.38268,9.22188,1.64374,0,16.611,16.611,0,0,1.64374,1.64374,28.6723,11.2565,unsupported,unsupported,0.166265
SHS 50x50x2,50,2,4,2,EN10219-2,2.93354,3.73699,2.5,2.5,14.147,5.65879,5.65879,5.65879,6.66235,1.94568,14.147,5.65879,5.65879,5.65879,6.66235,1.94568,0,14.147,14.147,0,0,1.94568,1.94568,22.6257,8.51269,unsupported,unsupported,0.193133
SHS 50x50x2.5,50,2.5,5,2.5,EN10219-2,3.6024,4.58905,2.5,2.5,16.9439,6.77755,6.77755,6.77755,8.07393,1.92152,16.9439,6.77755,6.77755,6.77755,8.07393,1.92152,0,16.9439,16.9439,0,0,1.92152,1.92152,27.5323,10.2155,unsupported,unsupported,0.191416
SHS 50x50x3,50,3,6,3,EN10219-2,4.24546,5.40823,2.5,2.5,19.4671,7.78685,7.78685,7.78685,9.38764,1.89725,19.4671,7.78685,7.78685,7.78685,9.38764,1.89725,0,19.4671,19.4671,0,0,1.89725,1.89725,32.1348,11.7648,unsupported,unsupported,0.189699
SHS 50x50x4,50,4,8,4,EN10219-2,5.45415,6.94796,2.5,2.5,23.7359,9.49435,9.49435,9.49435,11.7289,1.84831,23.7359,9.49435,9.49435,9.49435,11.7289,1.84831,0,23.7359,23.7359,0,0,1.84831,1.84831,40.418,14.4308,unsupported,unsupported,0.186265
SHS 50x50x5,50,5,10,5,EN10219-2,6.55961,8.35619,2.5,2.5,27.0377,10.8151,10.8151,10.8151,13.701,1.79879,27.0377,10.8151,10.8151,10.8151,13.701,1.79879,0,27.0377,27.0377,0,0,1.79879,1.79879,47.4569,16.5611,unsupported,unsupported,0.182832
SHS 60x60x2,60,2,4,2,EN10219-2,3.56154,4.53699,3,3,25.1422,8.38075,8.38075,8.38075,9.79084,2.35406,25.1422,8.38075,8.38075,8.38075,9.79084,2.35406,0,25.1422,25.1422,0,0,2.35406,2.35406,39.7858,12.5943,unsupported,unsupported,0.233133
SHS 60x60x2.5,60,2.5,5,2.5,EN10219-2,4.3874,5.58905,3,3,30.3422,10.1141,10.1141,10.1141,11.931,2.32999,30.3422,10.1141,10.1141,10.1141,11.931,2.32999,0,30.3422,30.3422,0,0,2.32999,2.32999,48.6561,15.2193,unsupported,unsupported,0.231416
SHS 60x60x3,60,3,6,3,EN10219-2,5.18746,6.60823,3,3,35.1348,11.7116,11.7116,11.7116,13.9518,2.30583,35.1348,11.7116,11.7116,11.7116,13.9518,2.30583,0,35.1348,35.1348,0,0,2.30583,2.30583,57.091,17.6524,unsupported,unsupported,0.229699
SHS 60x60x4,60,4,8,4,EN10219-2,6.71015,8.54796,3,3,43.5511,14.517,14.517,14.517,17.6429,2.25719,43.5511,14.517,14.517,14.517,17.6429,2.25719,0,43.5511,43.5511,0,0,2.25719,2.25719,72.6443,21.9732,unsupported,unsupported,0.226265
SHS 60x60x5,60,5,10,5,EN10219-2,8.12961,10.3562,3,3,50.4944,16.8315,16.8315,16.8315,20.8791,2.20811,50.4944,16.8315,16.8315,16.8315,20.8791,2.20811,0,50.4944,50.4944,0,0,2.20811,2.20811,86.4237,25.6121,unsupported,unsupported,0.222832
SHS 60x60x6,60,6,12,6,EN10219-2,9.44584,12.0329,3,3,56.0655,18.6885,18.6885,18.6885,23.6753,2.15855,56.0655,18.6885,18.6885,18.6885,23.6753,2.15855,0,56.0655,56.0655,0,0,2.15855,2.15855,98.4066,28.6175,unsupported,unsupported,0.219398
SHS 60x60x6.3,60,6.3,15.75,9.45,EN10219-2,9.55313,12.1696,3,3,54.412,18.1373,18.1373,18.1373,23.3918,2.11451,54.412,18.1373,18.1373,18.1373,23.3918,2.11451,0,54.412,54.412,0,0,2.11451,2.11451,100.082,28.804,unsupported,unsupported,0.21296
SHS 70x70x2,70,2,4,2,EN10219-2,4.18954,5.33699,3.5,3.5,40.726,11.636,11.636,11.636,13.5193,2.76241,40.726,11.636,11.636,11.636,13.5193,2.76241,0,40.726,40.726,0,0,2.76241,2.76241,63.9573,17.4755,unsupported,unsupported,0.273133
SHS 70x70x2.5,70,2.5,5,2.5,EN10219-2,5.1724,6.58905,3.5,3.5,49.41,14.1171,14.1171,14.1171,16.538,2.73839,49.41,14.1171,14.1171,14.1171,16.538,2.73839,0,49.41,49.41,0,0,2.73839,2.73839,78.4853,21.2221,unsupported,unsupported,0.271416
SHS 70x70x3,70,3,6,3,EN10219-2,6.12946,7.80823,3.5,3.5,57.5266,16.4362,16.4362,16.4362,19.4159,2.7143,57.5266,16.4362,16.4362,16.4362,19.4159,2.7143,0,57.5266,57.5266,0,0,2.7143,2.7143,92.4233,24.738,unsupported,unsupported,0.269699
SHS 70x70x4,70,4,8,4,EN10219-2,7.96615,10.148,3.5,3.5,72.1203,20.6058,20.6058,20.6058,24.7568,2.66587,72.1203,20.6058,20.6058,20.6058,24.7568,2.66587,0,72.1203,72.1203,0,0,2.66587,2.66587,118.517,31.1099,unsupported,unsupported,0.266265
SHS 70x70x5,70,5,10,5,EN10219-2,9.69961,12.3562,3.5,3.5,84.6292,24.1798,24.1798,24.1798,29.5572,2.61708,84.6292,24.1798,24.1798,24.1798,29.5572,2.61708,0,84.6292,84.6292,0,0,2.61708,2.61708,142.213,36.6505,unsupported,unsupported,0.262832
SHS 70x70x6,70,6,12,6,EN10219-2,11.3298,14.4329,3.5,3.5,95.173,27.1923,27.1923,27.1923,33.8317,2.56791,95.173,27.1923,27.1923,27.1923,33.8317,2.56791,0,95.173,95.173,0,0,2.56791,2.56791,163.487,41.4128,unsupported,unsupported,0.259398
SHS 70x70x6.3,70,6.3,15.75,9.45,EN10219-2,11.5313,14.6896,3.5,3.5,93.7746,26.7927,26.7927,26.7927,33.8047,2.52661,93.7746,26.7927,26.7927,26.7927,33.8047,2.52661,0,93.7746,93.7746,0,0,2.52661,2.52661,168.138,42.1019,unsupported,unsupported,0.25296
SHS 80x80x2,80,2,4,2,EN10219-2,4.81754,6.13699,4,4,61.6983,15.4246,15.4246,15.4246,17.8478,3.17073,61.6983,15.4246,15.4246,15.4246,17.8478,3.17073,0,61.6983,61.6983,0,0,3.17073,3.17073,96.3404,23.1564,unsupported,unsupported,0.313133
SHS 80x80x3,80,3,6,3,EN10219-2,7.07146,9.00823,4,4,87.8426,21.9606,21.9606,21.9606,25.78,3.12272,87.8426,21.9606,21.9606,21.9606,25.78,3.12272,0,87.8426,87.8426,0,0,3.12272,3.12272,139.931,33.0223,unsupported,unsupported,0.309699
SHS 80x80x4,80,4,8,4,EN10219-2,9.22215,11.748,4,4,111.043,27.7609,27.7609,27.7609,33.0708,3.07443,111.043,27.7609,27.7609,27.7609,33.0708,3.07443,0,111.043,111.043,0,0,3.07443,3.07443,180.436,41.8428,unsupported,unsupported,0.306265
SHS 80x80x5,80,5,10,5,EN10219-2,11.2696,14.3562,4,4,131.442,32.8605,32.8605,32.8605,39.7353,3.02585,131.442,32.8605,32.8605,32.8605,39.7353,3.02585,0,131.442,131.442,0,0,3.02585,3.02585,217.826,49.6805,unsupported,unsupported,0.302832
SHS 80x80x6,80,6,12,6,EN10219-2,13.2138,16.8329,4,4,149.177,37.2942,37.2942,37.2942,45.7882,2.97695,149.177,37.2942,37.2942,37.2942,45.7882,2.97695,0,149.177,149.177,0,0,2.97695,2.97695,252.072,56.5918,unsupported,unsupported,0.299398
SHS 80x80x6.3,80,6.3,15.75,9.45,EN10219-2,13.5095,17.2096,4,4,148.508,37.1271,37.1271,37.1271,46.1076,2.93758,148.508,37.1271,37.1271,37.1271,46.1076,2.93758,0,148.508,148.508,0,0,2.93758,2.93758,260.961,57.9008,unsupported,unsupported,0.29296
SHS 80x80x8,80,8,20,12,EN10219-2,16.3613,20.8425,4,4,168.377,42.0943,42.0943,42.0943,53.8876,2.84228,168.377,42.0943,42.0943,42.0943,53.8876,2.84228,0,168.377,168.377,0,0,2.84228,2.84228,307.136,66.6113,unsupported,unsupported,0.285664
SHS 90x90x3,90,3,6,3,EN10219-2,8.01346,10.2082,4.5,4.5,127.283,28.285,28.285,28.285,33.0441,3.53109,127.283,28.285,28.285,28.285,33.0441,3.53109,0,127.283,127.283,0,0,3.53109,3.53109,201.415,42.5057,unsupported,unsupported,0.349699
SHS 90x90x4,90,4,8,4,EN10219-2,10.4782,13.348,4.5,4.5,161.921,35.9823,35.9823,35.9823,42.5848,3.48292,161.921,35.9823,35.9823,35.9823,42.5848,3.48292,0,161.921,161.921,0,0,3.48292,3.48292,260.801,54.1731,unsupported,unsupported,0.346265
SHS 90x90x5,90,5,10,5,EN10219-2,12.8396,16.3562,4.5,4.5,192.933,42.874,42.874,42.874,51.4133,3.43449,192.933,42.874,42.874,42.874,51.4133,3.43449,0,192.933,192.933,0,0,3.43449,3.43449,316.26,64.7045,unsupported,unsupported,0.342832
SHS 90x90x6,90,6,12,6,EN10219-2,15.0978,19.2329,4.5,4.5,220.477,48.995,48.995,48.995,59.5446,3.38578,220.477,48.995,48.995,48.995,59.5446,3.38578,0,220.477,220.477,0,0,3.38578,3.38578,367.762,74.1595,unsupported,unsupported,0.339398
SHS 90x90x6.3,90,6.3,15.75,9.45,EN10219-2,15.4877,19.7296,4.5,4.5,221.133,49.1406,49.1406,49.1406,60.3005,3.34786,221.133,49.1406,49.1406,49.1406,60.3005,3.34786,0,221.133,221.133,0,0,3.34786,3.34786,382.329,76.206,unsupported,unsupported,0.33296
SHS 90x90x8,90,8,20,12,EN10219-2,18.8733,24.0425,4.5,4.5,254.59,56.5755,56.5755,56.5755,71.2689,3.2541,254.59,56.5755,56.5755,56.5755,71.2689,3.2541,0,254.59,254.59,0,0,3.2541,3.2541,455.588,88.8344,unsupported,unsupported,0.325664
SHS 100x100x3,100,3,6,3,EN10219-2,8.95546,11.4082,5,5,177.047,35.4094,35.4094,35.4094,41.2082,3.93944,177.047,35.4094,35.4094,35.4094,41.2082,3.93944,0,177.047,177.047,0,0,3.93944,3.93944,278.675,53.1885,unsupported,unsupported,0.389699
SHS 100x100x4,100,4,8,4,EN10219-2,11.7342,14.948,5,5,226.352,45.2703,45.2703,45.2703,53.2988,3.89135,226.352,45.2703,45.2703,45.2703,53.2988,3.89135,0,226.352,226.352,0,0,3.89135,3.89135,362.012,68.1015,unsupported,unsupported,0.386265
SHS 100x100x5,100,5,10,5,EN10219-2,14.4096,18.3562,5,5,271.102,54.2204,54.2204,54.2204,64.5914,3.84304,271.102,54.2204,54.2204,54.2204,64.5914,3.84304,0,271.102,271.102,0,0,3.84304,3.84304,440.517,81.7242,unsupported,unsupported,0.382832
SHS 100x100x6,100,6,12,6,EN10219-2,16.9818,21.6329,5,5,311.474,62.2948,62.2948,62.2948,75.1011,3.79449,311.474,62.2948,62.2948,62.2948,75.1011,3.79449,0,311.474,311.474,0,0,3.79449,3.79449,514.156,94.1187,unsupported,unsupported,0.379398
SHS 100x100x6.3,100,6.3,15.75,9.45,EN10219-2,17.4659,22.2496,5,5,314.169,62.8337,62.8337,62.8337,76.3834,3.75768,314.169,62.8337,62.8337,62.8337,76.3834,3.75768,0,314.169,314.169,0,0,3.75768,3.75768,536.02,97.0209,unsupported,unsupported,0.37296
SHS 100x100x8,100,8,20,12,EN10219-2,21.3853,27.2425,5,5,365.944,73.1888,73.1888,73.1888,91.0501,3.66509,365.944,73.1888,73.1888,73.1888,91.0501,3.66509,0,365.944,365.944,0,0,3.66509,3.66509,644.51,114.234,unsupported,unsupported,0.365664
SHS 100x100x10,100,10,25,15,EN10219-2,25.5646,32.5664,5,5,411.077,82.2153,82.2153,82.2153,105.249,3.55285,411.077,82.2153,82.2153,82.2153,105.249,3.55285,0,411.077,411.077,0,0,3.55285,3.55285,749.844,130.1,unsupported,unsupported,0.35708
SHS 100x100x12,100,12,36,24,EN10219-2,28.3067,36.0595,5,5,408.062,81.6124,81.6124,81.6124,109.715,3.36398,408.062,81.6124,81.6124,81.6124,109.715,3.36398,0,408.062,408.062,0,0,3.36398,3.36398,793.64,135.898,unsupported,unsupported,0.338195
SHS 100x100x12.5,100,12.5,37.5,25,EN10219-2,29.0793,37.0437,5,5,410.381,82.0763,82.0763,82.0763,111.409,3.32841,410.381,82.0763,82.0763,82.0763,111.409,3.32841,0,410.381,410.381,0,0,3.32841,3.32841,803.58,137.334,unsupported,unsupported,0.335619
SHS 110x110x4,110,4,8,4,EN10219-2,12.9902,16.548,5.5,5.5,305.937,55.6249,55.6249,55.6249,65.2128,4.29975,305.937,55.6249,55.6249,55.6249,65.2128,4.29975,0,305.937,305.937,0,0,4.29975,4.29975,486.469,83.6285,unsupported,unsupported,0.426265
SHS 110x110x5,110,5,10,5,EN10219-2,15.9796,20.3562,5.5,5.5,367.949,66.8999,66.8999,66.8999,79.2695,4.25153,367.949,66.8999,66.8999,66.8999,79.2695,4.25153,0,367.949,367.949,0,0,4.25153,4.25153,593.596,100.741,unsupported,unsupported,0.422832
SHS 120x120x3,120,3,6,3,EN10219-2,10.8395,13.8082,6,6,312.347,52.0579,52.0579,52.0579,60.2364,4.75609,312.347,52.0579,52.0579,52.0579,60.2364,4.75609,0,312.347,312.347,0,0,4.75609,4.75609,487.723,78.1528,unsupported,unsupported,0.469699
SHS 120x120x4,120,4,8,4,EN10219-2,14.2462,18.148,6,6,402.276,67.046,67.046,67.046,78.3267,4.70813,402.276,67.046,67.046,67.046,78.3267,4.70813,0,402.276,402.276,0,0,4.70813,4.70813,636.572,100.754,unsupported,unsupported,0.466265
SHS 120x120x5,120,5,10,5,EN10219-2,17.5496,22.3562,6,6,485.475,80.9124,80.9124,80.9124,95.4476,4.65998,485.475,80.9124,80.9124,80.9124,95.4476,4.65998,0,485.475,485.475,0,0,4.65998,4.65998,778.497,121.755,unsupported,unsupported,0.462832
SHS 120x120x6,120,6,12,6,EN10219-2,20.7498,26.4329,6,6,562.157,93.6929,93.6929,93.6929,111.614,4.61165,562.157,93.6929,93.6929,93.6929,111.614,4.61165,0,562.157,562.157,0,0,4.61165,4.61165,913.456,141.219,unsupported,unsupported,0.459398
SHS 120x120x6.3,120,6.3,15.75,9.45,EN10219-2,21.4223,27.2896,6,6,571.553,95.2588,95.2588,95.2588,114.219,4.57646,571.553,95.2588,95.2588,95.2588,114.219,4.57646,0,571.553,571.553,0,0,4.57646,4.57646,955.487,146.189,unsupported,unsupported,0.45296
SHS 120x120x8,120,8,20,12,EN10219-2,26.4093,33.6425,6,6,676.876,112.813,112.813,112.813,137.813,4.4855,676.876,112.813,112.813,112.813,137.813,4.4855,0,676.876,676.876,0,0,4.4855,4.4855,1162.95,174.584,unsupported,unsupported,0.445664
SHS 120x120x10,120,10,25,15,EN10219-2,31.8446,40.5664,6,6,776.808,129.468,129.468,129.468,161.816,4.37596,776.808,129.468,129.468,129.468,161.816,4.37596,0,776.808,776.808,0,0,4.37596,4.37596,1376.41,202.525,unsupported,unsupported,0.43708
SHS 120x120x12,120,12,36,24,EN10219-2,35.8427,45.6595,6,6,805.696,134.283,134.283,134.283,174.095,4.20069,805.696,134.283,134.283,134.283,174.095,4.20069,0,805.696,805.696,0,0,4.20069,4.20069,1518.36,219.263,unsupported,unsupported,0.418195
SHS 120x120x12.5,120,12.5,37.5,25,EN10219-2,36.9293,47.0437,6,6,817.013,136.169,136.169,136.169,177.827,4.16739,817.013,136.169,136.169,136.169,177.827,4.16739,0,817.013,817.013,0,0,4.16739,4.16739,1550.67,223.255,unsupported,unsupported,0.415619
SHS 140x140x3,140,3,6,3,EN10219-2,12.7235,16.2082,7,7,503.345,71.9064,71.9064,71.9064,82.8647,5.57269,503.345,71.9064,71.9064,71.9064,82.8647,5.57269,0,503.345,503.345,0,0,5.57269,5.57269,781.474,107.916,unsupported,unsupported,0.549699
SHS 140x140x4,140,4,8,4,EN10219-2,16.7582,21.348,7,7,651.616,93.088,93.088,93.088,108.155,5.52481,651.616,93.088,93.088,93.088,108.155,5.52481,0,651.616,651.616,0,0,5.52481,5.52481,1023.32,139.804,unsupported,unsupported,0.546265
SHS 140x140x5,140,5,10,5,EN10219-2,20.6896,26.3562,7,7,790.559,112.937,112.937,112.937,132.304,5.47679,790.559,112.937,112.937,112.937,132.304,5.47679,0,790.559,790.559,0,0,5.47679,5.47679,1255.76,169.777,unsupported,unsupported,0.542832
SHS 140x140x6,140,6,12,6,EN10219-2,24.5178,31.2329,7,7,920.426,131.489,131.489,131.489,155.327,5.4286,920.426,131.489,131.489,131.489,155.327,5.4286,0,920.426,920.426,0,0,5.4286,5.4286,1478.77,197.904,unsupported,unsupported,0.539398
SHS 140x140x6.3,140,6.3,15.75,9.45,EN10219-2,25.3787,32.3296,7,7,940.821,134.403,134.403,134.403,159.615,5.39453,940.821,134.403,134.403,134.403,159.615,5.39453,0,940.821,940.821,0,0,5.39453,5.39453,1549.6,205.417,unsupported,unsupported,0.53296
SHS 140x140x8,140,8,20,12,EN10219-2,31.4333,40.0425,7,7,1126.77,160.968,160.968,160.968,194.175,5.30466,1126.77,160.968,160.968,160.968,194.175,5.30466,0,1126.77,1126.77,0,0,5.30466,5.30466,1900.84,247.686,unsupported,unsupported,0.525664
SHS 140x140x10,140,10,25,15,EN10219-2,38.1246,48.5664,7,7,1311.67,187.382,187.382,187.382,230.382,5.19691,1311.67,187.382,187.382,187.382,230.382,5.19691,0,1311.67,1311.67,0,0,5.19691,5.19691,2273.9,290.849,unsupported,unsupported,0.51708
SHS 140x140x12,140,12,36,24,EN10219-2,43.3787,55.2595,7,7,1398.33,199.761,199.761,199.761,252.874,5.03039,1398.33,199.761,199.761,199.761,252.874,5.03039,0,1398.33,1398.33,0,0,5.03039,5.03039,2566.92,321.658,unsupported,unsupported,0.498195
SHS 140x140x12.5,140,12.5,37.5,25,EN10219-2,44.7793,57.0437,7,7,1425.23,203.605,203.605,203.605,259.246,4.99849,1425.23,203.605,203.605,203.605,259.246,4.99849,0,1425.23,1425.23,0,0,4.99849,4.99849,2634.22,328.986,unsupported,unsupported,0.495619
SHS 150x150x4,150,4,8,4,EN10219-2,18.0142,22.948,7.5,7.5,807.817,107.709,107.709,107.709,124.869,5.93314,807.817,107.709,107.709,107.709,124.869,5.93314,0,807.817,807.817,0,0,5.93314,5.93314,1264.76,161.728,unsupported,unsupported,0.586265
SHS 150x150x5,150,5,10,5,EN10219-2,22.2596,28.3562,7.5,7.5,982.119,130.949,130.949,130.949,152.982,5.88516,982.119,130.949,130.949,130.949,152.982,5.88516,0,982.119,982.119,0,0,5.88516,5.88516,1554.13,196.786,unsupported,unsupported,0.582832
SHS 150x150x6,150,6,12,6,EN10219-2,26.4018,33.6329,7.5,7.5,1145.91,152.787,152.787,152.787,179.883,5.83703,1145.91,152.787,152.787,152.787,179.883,5.83703,0,1145.91,1145.91,0,0,5.83703,5.83703,1832.69,229.843,unsupported,unsupported,0.579398
SHS 150x150x6.3,150,6.3,15.75,9.45,EN10219-2,27.3569,34.8496,7.5,7.5,1173.71,156.495,156.495,156.495,185.148,5.80339,1173.71,156.495,156.495,156.495,185.148,5.80339,0,1173.71,1173.71,0,0,5.80339,5.80339,1921.6,238.806,unsupported,unsupported,0.57296
SHS 150x150x8,150,8,20,12,EN10219-2,33.9453,43.2425,7.5,7.5,1411.83,188.244,188.244,188.244,225.956,5.71395,1411.83,188.244,188.244,188.244,225.956,5.71395,0,1411.83,1411.83,0,0,5.71395,5.71395,2364.08,289.025,unsupported,unsupported,0.565664
SHS 150x150x10,150,10,25,15,EN10219-2,41.2646,52.5664,7.5,7.5,1652.53,220.337,220.337,220.337,269.165,5.60687,1652.53,220.337,220.337,220.337,269.165,5.60687,0,1652.53,1652.53,0,0,5.60687,5.60687,2839.24,340.984,unsupported,unsupported,0.55708
SHS 150x150x12,150,12,36,24,EN10219-2,47.1467,60.0595,7.5,7.5,1779.77,237.303,237.303,237.303,297.664,5.44366,1779.77,237.303,237.303,237.303,297.664,5.44366,0,1779.77,1779.77,0,0,5.44366,5.44366,3230.57,380.007,unsupported,unsupported,0.538195
SHS 150x150x12.5,150,12.5,37.5,25,EN10219-2,48.7043,62.0437,7.5,7.5,1817.44,242.325,242.325,242.325,305.581,5.41229,1817.44,242.325,242.325,242.325,305.581,5.41229,0,1817.44,1817.44,0,0,5.41229,5.41229,3320.84,389.297,unsupported,unsupported,0.535619
SHS 150x150x16,150,16,48,32,EN10219-2,58.6963,74.7724,7.5,7.5,2009.42,267.923,267.923,267.923,351.443,5.184,2009.42,267.923,267.923,267.923,351.443,5.184,0,2009.42,2009.42,0,0,5.184,5.184,3829.64,440.353,unsupported,unsupported,0.517593
SHS 160x160x4,160,4,8,4,EN10219-2,19.2702,24.548,8,8,987.172,123.397,123.397,123.397,142.783,6.34145,987.172,123.397,123.397,123.397,142.783,6.34145,0,987.172,987.172,0,0,6.34145,6.34145,1541.45,185.251,unsupported,unsupported,0.626265
SHS 160x160x5,160,5,10,5,EN10219-2,23.8296,30.3562,8,8,1202.36,150.295,150.295,150.295,175.16,6.29351,1202.36,150.295,150.295,150.295,175.16,6.29351,0,1202.36,1202.36,0,0,6.29351,6.29351,1896.32,225.794,unsupported,unsupported,0.622832
SHS 160x160x6,160,6,12,6,EN10219-2,28.2858,36.0329,8,8,1405.48,175.685,175.685,175.685,206.24,6.24544,1405.48,175.685,175.685,175.685,206.24,6.24544,0,1405.48,1405.48,0,0,6.24544,6.24544,2238.9,264.179,unsupported,unsupported,0.619398
SHS 160x160x6.3,160,6.3,15.75,9.45,EN10219-2,29.3351,37.3696,8,8,1442.13,180.267,180.267,180.267,212.571,6.21217,1442.13,180.267,180.267,180.267,212.571,6.21217,0,1442.13,1442.13,0,0,6.21217,6.21217,2348.6,274.712,unsupported,unsupported,0.61296
SHS 160x160x8,160,8,20,12,EN10219-2,36.4573,46.4425,8,8,1741.23,217.654,217.654,217.654,260.138,6.1231,1741.23,217.654,217.654,217.654,260.138,6.1231,0,1741.23,1741.23,0,0,6.1231,6.1231,2896.58,333.558,unsupported,unsupported,0.605664
SHS 160x160x10,160,10,25,15,EN10219-2,44.4046,56.5664,8,8,2047.67,255.959,255.959,255.959,310.948,6.0166,2047.67,255.959,255.959,255.959,310.948,6.0166,0,2047.67,2047.67,0,0,6.0166,6.0166,3490.29,395.104,unsupported,unsupported,0.59708
SHS 160x160x12,160,12,36,24,EN10219-2,50.9147,64.8595,8,8,2224.36,278.045,278.045,278.045,346.054,5.8562,2224.36,278.045,278.045,278.045,346.054,5.8562,0,2224.36,2224.36,0,0,5.8562,5.8562,3996.72,443.13,unsupported,unsupported,0.578195
SHS 160x160x12.5,160,12.5,37.5,25,EN10219-2,52.6293,67.0437,8,8,2275.04,284.38,284.38,284.38,355.665,5.82526,2275.04,284.38,284.38,284.38,355.665,5.82526,0,2275.04,2275.04,0,0,5.82526,5.82526,4113.99,454.578,unsupported,unsupported,0.575619
SHS 160x160x16,160,16,48,32,EN10219-2,63.7203,81.1724,8,8,2546.4,318.3,318.3,318.3,412.669,5.60091,2546.4,318.3,318.3,318.3,412.669,5.60091,0,2546.4,2546.4,0,0,5.60091,5.60091,4798.78,519.734,unsupported,unsupported,0.557593
SHS 180x180x4,180,4,8,4,EN10219-2,21.7822,27.748,9,9,1421.74,157.972,157.972,157.972,182.211,7.15806,1421.74,157.972,157.972,157.972,182.211,7.15806,0,1421.74,1421.74,0,0,7.15806,7.15806,2210.16,237.097,unsupported,unsupported,0.706265
SHS 180x180x5,180,5,10,5,EN10219-2,26.9696,34.3562,9,9,1736.87,192.985,192.985,192.985,224.016,7.11018,1736.87,192.985,192.985,192.985,224.016,7.11018,0,1736.87,1736.87,0,0,7.11018,7.11018,2724.16,289.807,unsupported,unsupported,0.702832
SHS 180x180x6,180,6,12,6,EN10219-2,32.0538,40.8329,9,9,2036.52,226.28,226.28,226.28,264.353,7.06219,2036.52,226.28,226.28,226.28,264.353,7.06219,0,2036.52,2036.52,0,0,7.06219,7.06219,3222.65,340.046,unsupported,unsupported,0.699398
SHS 180x180x6.3,180,6.3,15.75,9.45,EN10219-2,33.2915,42.4096,9,9,2095.65,232.85,232.85,232.85,273.087,7.02955,2095.65,232.85,232.85,232.85,273.087,7.02955,0,2095.65,2095.65,0,0,7.02955,7.02955,3382.71,354.077,unsupported,unsupported,0.69296
SHS 180x180x8,180,8,20,12,EN10219-2,41.4813,52.8425,9,9,2545.86,282.874,282.874,282.874,335.7,6.94106,2545.86,282.874,282.874,282.874,335.7,6.94106,0,2545.86,2545.86,0,0,6.94106,6.94106,4188.56,432.207,unsupported,unsupported,0.685664
SHS 180x180x10,180,10,25,15,EN10219-2,50.6846,64.5664,9,9,3016.8,335.2,335.2,335.2,403.515,6.8355,3016.8,335.2,335.2,335.2,403.515,6.8355,0,3016.8,3016.8,0,0,6.8355,6.8355,5073.57,515.31,unsupported,unsupported,0.67708
SHS 180x180x12,180,12,36,24,EN10219-2,58.4507,74.4595,9,9,3322.19,369.132,369.132,369.132,453.633,6.67963,3322.19,369.132,369.132,369.132,453.633,6.67963,0,3322.19,3322.19,0,0,6.67963,6.67963,5865.26,583.711,unsupported,unsupported,0.658195
SHS 180x180x12.5,180,12.5,37.5,25,EN10219-2,60.4793,77.0437,9,9,3406.43,378.493,378.493,378.493,467.084,6.64938,3406.43,378.493,378.493,378.493,467.084,6.64938,0,3406.43,3406.43,0,0,6.64938,6.64938,6049.85,600.065,unsupported,unsupported,0.655619
SHS 180x180x16,180,16,48,32,EN10219-2,73.7683,93.9724,9,9,3886.74,431.86,431.86,431.86,549.521,6.43121,3886.74,431.86,431.86,431.86,549.521,6.43121,0,3886.74,3886.74,0,0,6.43121,6.43121,7178.38,697.534,unsupported,unsupported,0.637593
SHS 200x200x4,200,4,8,4,EN10219-2,24.2942,30.948,10,10,1968.13,196.813,196.813,196.813,226.439,7.97464,1968.13,196.813,196.813,196.813,226.439,7.97464,0,1968.13,1968.13,0,0,7.97464,7.97464,3048.66,295.341,unsupported,unsupported,0.786265
SHS 200x200x5,200,5,10,5,EN10219-2,30.1096,38.3562,10,10,2410.09,241.009,241.009,241.009,278.872,7.92681,2410.09,241.009,241.009,241.009,278.872,7.92681,0,2410.09,2410.09,0,0,7.92681,7.92681,3763.3,361.818,unsupported,unsupported,0.782832
SHS 200x200x6,200,6,12,6,EN10219-2,35.8218,45.6329,10,10,2832.75,283.275,283.275,283.275,329.666,7.87889,2832.75,283.275,283.275,283.275,329.666,7.87889,0,2832.75,2832.75,0,0,7.87889,7.87889,4458.81,425.508,unsupported,unsupported,0.779398
SHS 200x200x6.3,200,6.3,15.75,9.45,EN10219-2,37.2479,47.4496,10,10,2921.53,292.153,292.153,292.153,341.162,7.84673,2921.53,292.153,292.153,292.153,341.162,7.84673,0,2921.53,2921.53,0,0,7.84673,7.84673,4682.19,443.516,unsupported,unsupported,0.77296
SHS 200x200x8,200,8,20,12,EN10219-2,46.5053,59.2425,10,10,3566.25,356.625,356.625,356.625,420.862,7.75871,3566.25,356.625,356.625,356.625,420.862,7.75871,0,3566.25,3566.25,0,0,7.75871,7.75871,5815.18,543.64,unsupported,unsupported,0.765664
SHS 200x200x10,200,10,25,15,EN10219-2,56.9646,72.5664,10,10,4251.06,425.106,425.106,425.106,508.081,7.65387,4251.06,425.106,425.106,425.106,508.081,7.65387,0,4251.06,4251.06,0,0,7.65387,7.65387,7071.73,651.48,unsupported,unsupported,0.75708
SHS 200x200x12,200,12,36,24,EN10219-2,65.9867,84.0595,10,10,4730.22,473.022,473.022,473.022,575.613,7.50149,4730.22,473.022,473.022,473.022,575.613,7.50149,0,4730.22,4730.22,0,0,7.50149,7.50149,8230.1,743.422,unsupported,unsupported,0.738195
SHS 200x200x12.5,200,12.5,37.5,25,EN10219-2,68.3293,87.0437,10,10,4859.42,485.942,485.942,485.942,593.502,7.47177,4859.42,485.942,485.942,485.942,593.502,7.47177,0,4859.42,4859.42,0,0,7.47177,7.47177,8501.74,765.472,unsupported,unsupported,0.735619
SHS 200x200x16,200,16,48,32,EN10219-2,83.8163,106.772,10,10,5624.95,562.495,562.495,562.495,705.574,7.25822,5624.95,562.495,562.495,562.495,705.574,7.25822,0,5624.95,5624.95,0,0,7.25822,7.25822,10210.2,900.758,unsupported,unsupported,0.717593
SHS 220x220x5,220,5,10,5,EN10219-2,33.2496,42.3562,11,11,3238.02,294.366,294.366,294.366,339.729,8.74342,3238.02,294.366,294.366,294.366,339.729,8.74342,0,3238.02,3238.02,0,0,8.74342,8.74342,5037.71,441.827,unsupported,unsupported,0.862832
SHS 220x220x6,220,6,12,6,EN10219-2,39.5898,50.4329,11,11,3813.36,346.669,346.669,346.669,402.179,8.69555,3813.36,346.669,346.669,346.669,402.179,8.69555,0,3813.36,3813.36,0,0,8.69555,8.69555,5976.18,520.567,unsupported,unsupported,0.859398
SHS 220x220x6.3,220,6.3,15.75,9.45,EN10219-2,41.2043,52.4896,11,11,3939.93,358.176,358.176,358.176,416.798,8.66379,3939.93,358.176,358.176,358.176,416.798,8.66379,0,3939.93,3939.93,0,0,8.66379,8.66379,6277.27,543.03,unsupported,unsupported,0.85296
SHS 220x220x8,220,8,20,12,EN10219-2,51.5293,65.6425,11,11,4828.01,438.91,438.91,438.91,515.625,8.57614,4828.01,438.91,438.91,438.91,515.625,8.57614,0,4828.01,4828.01,0,0,8.57614,8.57614,7814.84,667.861,unsupported,unsupported,0.845664
SHS 220x220x10,220,10,25,15,EN10219-2,63.2446,80.5664,11,11,5782.46,525.678,525.678,525.678,624.647,8.47187,5782.46,525.678,525.678,525.678,624.647,8.47187,0,5782.46,5782.46,0,0,8.47187,8.47187,9532.77,803.622,unsupported,unsupported,0.83708
SHS 220x220x12,220,12,36,24,EN10219-2,73.5227,93.6595,11,11,6486.85,589.714,589.714,589.714,711.992,8.32226,6486.85,589.714,589.714,589.714,711.992,8.32226,0,6486.85,6486.85,0,0,8.32226,8.32226,11148.8,922.279,unsupported,unsupported,0.818195
SHS 220x220x12.5,220,12.5,37.5,25,EN10219-2,76.1793,97.0437,11,11,6673.98,606.726,606.726,606.726,734.921,8.29295,6673.98,606.726,606.726,606.726,734.921,8.29295,0,6673.98,6673.98,0,0,8.29295,8.29295,11529.6,950.817,unsupported,unsupported,0.815619
SHS 220x220x16,220,16,48,32,EN10219-2,93.8643,119.572,11,11,7812.23,710.202,710.202,710.202,880.826,8.08299,7812.23,710.202,710.202,710.202,880.826,8.08299,0,7812.23,7812.23,0,0,8.08299,8.08299,13970.9,1129.44,unsupported,unsupported,0.797593
SHS 250x250x5,250,5,10,5,EN10219-2,37.9596,48.3562,12.5,12.5,4805.01,384.401,384.401,384.401,442.263,9.9683,4805.01,384.401,384.401,384.401,442.263,9.9683,0,4805.01,4805.01,0,0,9.9683,9.9683,7443.01,576.838,unsupported,unsupported,0.982832
SHS 250x250x6,250,6,12,6,EN10219-2,45.2418,57.6329,12.5,12.5,5672,453.76,453.76,453.76,524.448,9.92048,5672,453.76,453.76,453.76,524.448,9.92048,0,5672,5672,0,0,9.92048,9.92048,8842.52,681.149,unsupported,unsupported,0.979398
SHS 250x250x6.3,250,6.3,15.75,9.45,EN10219-2,47.1389,60.0496,12.5,12.5,5872.62,469.81,469.81,469.81,544.427,9.8892,5872.62,469.81,469.81,469.81,544.427,9.8892,0,5872.62,5872.62,0,0,9.8892,9.8892,9290.29,711.194,unsupported,unsupported,0.97296
SHS 250x250x8,250,8,20,12,EN10219-2,59.0653,75.2425,12.5,12.5,7229.2,578.336,578.336,578.336,675.769,9.80198,7229.2,578.336,578.336,578.336,675.769,9.80198,0,7229.2,7229.2,0,0,9.80198,9.80198,11597.8,878.176,unsupported,unsupported,0.965664
SHS 250x250x10,250,10,25,15,EN10219-2,72.6646,92.5664,12.5,12.5,8706.67,696.534,696.534,696.534,821.997,9.69839,8706.67,696.534,696.534,696.534,821.997,9.69839,0,8706.67,8706.67,0,0,9.69839,9.69839,14197.2,1061.8,unsupported,unsupported,0.95708
SHS 250x250x12,250,12,36,24,EN10219-2,84.8267,108.059,12.5,12.5,9859.42,788.753,788.753,788.753,943.561,9.552,9859.42,788.753,788.753,788.753,943.561,9.552,0,9859.42,9859.42,0,0,9.552,9.552,16691.3,1226.49,unsupported,unsupported,0.938195
SHS 250x250x12.5,250,12.5,37.5,25,EN10219-2,87.9543,112.044,12.5,12.5,10161.3,812.905,812.905,812.905,975.174,9.52316,10161.3,812.905,812.905,812.905,975.174,9.52316,0,10161.3,10161.3,0,0,9.52316,9.52316,17282.7,1266.25,unsupported,unsupported,0.935619
SHS 250x250x16,250,16,48,32,EN10219-2,108.936,138.772,12.5,12.5,12047.1,963.771,963.771,963.771,1179.7,9.31731,12047.1,963.771,963.771,963.771,1179.7,9.31731,0,12047.1,12047.1,0,0,9.31731,9.31731,21146.3,1520.26,unsupported,unsupported,0.917593
SHS 260x260x6,260,6,12,6,EN10219-2,47.1258,60.0329,13,13,6404.54,492.657,492.657,492.657,568.804,10.3288,6404.54,492.657,492.657,492.657,568.804,10.3288,0,6404.54,6404.54,0,0,10.3288,10.3288,9969.77,739.475,unsupported,unsupported,1.0194
SHS 260x260x6.3,260,6.3,15.75,9.45,EN10219-2,49.1171,62.5696,13,13,6634.95,510.381,510.381,510.381,590.75,10.2976,6634.95,510.381,510.381,510.381,590.75,10.2976,0,6634.95,6634.95,0,0,10.2976,10.2976,10475.2,772.288,unsupported,unsupported,1.01296
SHS 260x260x8,260,8,20,12,EN10219-2,61.5773,78.4425,13,13,8178.02,629.078,629.078,629.078,733.95,10.2105,8178.02,629.078,629.078,629.078,733.95,10.2105,0,8178.02,8178.02,0,0,10.2105,10.2105,13086.9,954.677,unsupported,unsupported,1.00566
SHS 260x260x10,260,10,25,15,EN10219-2,75.8046,96.5664,13,13,9864.65,758.819,758.819,758.819,893.78,10.1071,9864.65,758.819,758.819,758.819,893.78,10.1071,0,9864.65,9864.65,0,0,10.1071,10.1071,16035.5,1155.85,unsupported,unsupported,0.99708
SHS 260x260x12,260,12,36,24,EN10219-2,88.5947,112.859,13,13,11199.5,861.5,861.5,861.5,1027.95,9.96163,11199.5,861.5,861.5,861.5,1027.95,9.96163,0,11199.5,11199.5,0,0,9.96163,9.96163,18878.2,1337.48,unsupported,unsupported,0.978195
SHS 260x260x12.5,260,12.5,37.5,25,EN10219-2,91.8793,117.044,13,13,11547.9,888.299,888.299,888.299,1062.76,9.93293,11547.9,888.299,888.299,888.299,1062.76,9.93293,0,11547.9,11547.9,0,0,9.93293,9.93293,19553.3,1381.37,unsupported,unsupported,0.975619
SHS 260x260x16,260,16,48,32,EN10219-2,113.96,145.172,13,13,13738.8,1056.83,1056.83,1056.83,1288.93,9.72819,13738.8,1056.83,1056.83,1056.83,1288.93,9.72819,0,13738.8,13738.8,0,0,9.72819,9.72819,23985.7,1663.29,unsupported,unsupported,0.957593
SHS 300x300x6,300,6,12,6,EN10219-2,54.6618,69.6329,15,15,9963.67,664.245,664.245,664.245,764.23,11.962,9963.67,664.245,664.245,664.245,764.23,11.962,0,9963.67,9963.67,0,0,11.962,11.962,15433.8,996.777,unsupported,unsupported,1.1794
SHS 300x300x6.3,300,6.3,15.75,9.45,EN10219-2,57.0299,72.6496,15,15,10342,689.466,689.466,689.466,794.941,11.9312,10342,689.466,689.466,689.466,794.941,11.9312,0,10342,10342,0,0,11.9312,11.9312,16218.4,1041.86,unsupported,unsupported,1.17296
SHS 300x300x8,300,8,20,12,EN10219-2,71.6253,91.2425,15,15,12800.7,853.379,853.379,853.379,990.675,11.8445,12800.7,853.379,853.379,853.379,990.675,11.8445,0,12800.7,12800.7,0,0,11.8445,11.8445,20311.8,1292.67,unsupported,unsupported,1.16566
SHS 300x300x10,300,10,25,15,EN10219-2,88.3646,112.566,15,15,15519.4,1034.62,1034.62,1034.62,1210.91,11.7417,15519.4,1034.62,1034.62,1034.62,1210.91,11.7417,0,15519.4,15519.4,0,0,11.7417,11.7417,24965.7,1572.02,unsupported,unsupported,1.15708
SHS 300x300x12,300,12,36,24,EN10219-2,103.667,132.059,15,15,17767.4,1184.49,1184.49,1184.49,1401.51,11.5992,17767.4,1184.49,1184.49,1184.49,1401.51,11.5992,0,17767.4,17767.4,0,0,11.5992,11.5992,29514,1829.36,unsupported,unsupported,1.13819
SHS 300x300x12.5,300,12.5,37.5,25,EN10219-2,107.579,137.044,15,15,18348.1,1223.21,1223.21,1223.21,1450.6,11.5709,18348.1,1223.21,1223.21,1223.21,1450.6,11.5709,0,18348.1,18348.1,0,0,11.5709,11.5709,30600.8,1891.8,unsupported,unsupported,1.13562
SHS 300x300x16,300,16,48,32,EN10219-2,134.056,170.772,15,15,22076,1471.73,1471.73,1471.73,1773.84,11.3698,22076,1471.73,1471.73,1471.73,1773.84,11.3698,0,22076,22076,0,0,11.3698,11.3698,37836.7,2299.23,unsupported,unsupported,1.11759
SHS 350x350x8,350,8,20,12,EN10219-2,84.1853,107.242,17.5,17.5,20680.7,1181.75,1181.75,1181.75,1365.58,13.8867,20680.7,1181.75,1181.75,1181.75,1365.58,13.8867,0,20680.7,20680.7,0,0,13.8867,13.8867,32557.4,1787.14,unsupported,unsupported,1.36566
SHS 350x350x10,350,10,25,15,EN10219-2,104.065,132.566,17.5,17.5,25189.1,1439.38,1439.38,1439.38,1674.83,13.7845,25189.1,1439.38,1439.38,1439.38,1674.83,13.7845,0,25189.1,25189.1,0,0,13.7845,13.7845,40127,2182.18,unsupported,unsupported,1.35708
SHS 350x350x12,350,12,36,24,EN10219-2,122.507,156.059,17.5,17.5,29054,1660.23,1660.23,1660.23,1949.46,13.6445,29054,1660.23,1660.23,1660.23,1949.46,13.6445,0,29054,29054,0,0,13.6445,13.6445,47598.1,2552.11,unsupported,unsupported,1.33819
SHS 350x350x12.5,350,12.5,37.5,25,EN10219-2,127.204,162.044,17.5,17.5,30044.9,1716.85,1716.85,1716.85,2019.77,13.6166,30044.9,1716.85,1716.85,1716.85,2019.77,13.6166,0,30044.9,30044.9,0,0,13.6166,13.6166,49393.5,2642.2,unsupported,unsupported,1.33562
SHS 350x350x16,350,16,48,32,EN10219-2,159.176,202.772,17.5,17.5,36511.5,2086.37,2086.37,2086.37,2487.97,13.4187,36511.5,2086.37,2086.37,2086.37,2487.97,13.4187,0,36511.5,36511.5,0,0,13.4187,13.4187,61481,3237.86,unsupported,unsupported,1.31759
SHS 400x400x10,400,10,25,15,EN10219-2,119.765,152.566,20,20,38216,1910.8,1910.8,1910.8,2213.74,15.8268,38216,1910.8,1910.8,1910.8,2213.74,15.8268,0,38216,38216,0,0,15.8268,15.8268,60431.3,2892.3,unsupported,unsupported,1.55708
SHS 400x400x12,400,12,36,24,EN10219-2,141.347,180.059,20,20,44319.5,2215.97,2215.97,2215.97,2587.41,15.6888,44319.5,2215.97,2215.97,2215.97,2587.41,15.6888,0,44319.5,44319.5,0,0,15.6888,15.6888,71843.5,3394.78,unsupported,unsupported,1.53819
SHS 400x400x12.5,400,12.5,37.5,25,EN10219-2,146.829,187.044,20,20,45876.5,2293.83,2293.83,2293.83,2682.69,15.6612,45876.5,2293.83,2293.83,2293.83,2682.69,15.6612,0,45876.5,45876.5,0,0,15.6612,15.6612,74598.2,3517.52,unsupported,unsupported,1.53562
SHS 400x400x16,400,16,48,32,EN10219-2,184.296,234.772,20,20,56153.6,2807.68,2807.68,2807.68,3322.1,15.4655,56153.6,2807.68,2807.68,2807.68,3322.1,15.4655,0,56153.6,56153.6,0,0,15.4655,15.4655,93278.9,4336.26,unsupported,unsupported,1.51759
SHS 500x500x12.5,500,12.5,37.5,25,EN10219-2,186.079,237.044,25,25,92444.6,3697.79,3697.79,3697.79,4289.78,19.7482,92444.6,3697.79,3697.79,3697.79,4289.78,19.7482,0,92444.6,92444.6,0,0,19.7482,19.7482,147994,5642.97,unsupported,unsupported,1.93562
SHS 500x500x16,500,16,48,32,EN10219-2,234.536,298.772,25,25,114258,4570.31,4570.31,4570.31,5350.36,19.5557,114258,4570.31,4570.31,4570.31,5350.36,19.5557,0,114258,114258,0,0,19.5557,19.5557,186135,7012.63,unsupported,unsupported,1.91759
SHS 500x500x20,500,20,60,40,EN10219-2,287.963,366.832,25,25,137094,5483.75,5483.75,5483.75,6488.47,19.3319,137094,5483.75,5483.75,5483.75,6488.47,19.3319,0,137094,137094,0,0,19.3319,19.3319,227732,8469.25,unsupported,unsupported,1.89699
SHS 600x600x12.5,600,12.5,37.5,25,EN10219-2,225.329,287.044,30,30,163052,5435.08,5435.08,5435.08,6271.88,23.8336,163052,5435.08,5435.08,5435.08,6271.88,23.8336,0,163052,163052,0,0,23.8336,23.8336,258287,8268.29,unsupported,unsupported,2.33562
SHS 600x600x16,600,16,48,32,EN10219-2,284.776,362.772,30,30,202789,6759.62,6759.62,6759.62,7858.62,23.6431,202789,6759.62,6759.62,6759.62,7858.62,23.6431,0,202789,202789,0,0,23.6431,23.6431,326005,10328.6,unsupported,unsupported,2.31759
SHS 600x600x20,600,20,60,40,EN10219-2,350.763,446.832,30,30,245136,8171.2,8171.2,8171.2,9582.63,23.4224,245136,8171.2,8171.2,8171.2,9582.63,23.4224,0,245136,245136,0,0,23.4224,23.4224,400659,12551.1,unsupported,unsupported,2.29699
