designation,h_mm,b_mm,tw_mm,tf_mm,r_mm,mass_kg_m,A_cm2,ys_cm,zs_cm,Iy_cm4,Wel_y_cm3,Wel_y_bottom_cm3,Wel_y_top_cm3,Wpl_y_cm3,i_y_cm,Iz_cm4,Wel_z_cm3,Wel_z_left_cm3,Wel_z_right_cm3,Wpl_z_cm3,i_z_cm,Iyz_cm4,Iu_cm4,Iv_cm4,alpha_deg,tan_alpha,i_u_cm,i_v_cm,It_cm4,Wt_cm3,Iw_cm6,ym_cm,surface_m2_m,Avy_cm2,Avz_cm2
UPE 80,80,50,4,7,10,7.90432,10.0692,1.81698,4,107.204,26.8011,26.8011,26.8011,31.2265,3.26294,25.4133,7.98404,13.9866,7.98404,13.9453,1.58867,0,107.204,25.4133,0,0,3.26294,1.58867,1.46846,unsupported,unsupported,unsupported,0.343416,unsupported,4.0492
UPE 100,100,55,4.5,7.5,10,9.8158,12.5042,1.90633,5,206.863,41.3726,41.3726,41.3726,48.0126,4.06737,38.2139,10.6337,20.0458,10.6337,18.8768,1.74817,0,206.863,38.2139,0,0,4.06737,1.74817,2.01445,unsupported,unsupported,unsupported,0.402416,unsupported,5.3417
UPE 120,120,60,5,8,12,12.1032,15.4181,1.98304,6,363.502,60.5837,60.5837,60.5837,70.3282,4.85555,55.3982,13.7911,27.9359,13.7911,24.7998,1.89554,0,363.502,55.3982,0,0,4.85555,1.89554,2.89931,unsupported,unsupported,unsupported,0.459699,unsupported,7.17805
UPE 140,140,65,5,9,12,14.4582,18.4181,2.17312,7,599.462,85.6374,85.6374,85.6374,98.8445,5.70504,78.7006,18.1888,36.2155,18.1888,32.5795,2.06713,0,599.462,78.7006,0,0,5.70504,2.06713,4.04673,unsupported,unsupported,unsupported,0.519699,unsupported,8.24805
UPE 160,160,70,5.5,9.5,12,17.0133,21.6731,2.26956,8,911.061,113.883,113.883,113.883,131.61,6.48356,106.825,22.5824,47.0686,22.5824,40.7233,2.22012,0,911.061,106.825,0,0,6.48356,2.22012,5.20163,unsupported,unsupported,unsupported,0.578699,unsupported,10.0356
UPE 180,180,75,5.5,10.5,12,19.7137,25.1131,2.46776,9,1353.44,150.382,150.382,150.382,172.99,7.34125,143.705,28.5568,58.2329,28.5568,51.2961,2.39214,0,1353.44,143.705,0,0,7.34125,2.39214,6.99443,unsupported,unsupported,unsupported,0.638699,unsupported,11.2006
UPE 200,200,80,6,11,13,22.7692,29.0054,2.55987,10,1909.3,190.93,190.93,190.93,220.091,8.1133,187.297,34.4287,73.1666,34.4287,62.1967,2.54112,0,1909.3,187.297,0,0,8.1133,2.54112,8.88844,unsupported,unsupported,unsupported,0.696841,unsupported,13.4954
UPE 220,220,85,6.5,12,13,26.5843,33.8654,2.70254,11,2682.4,243.855,243.855,243.855,281.484,8.89988,246.435,42.5074,91.1863,42.5074,76.8761,2.69757,0,2682.4,246.435,0,0,8.89988,2.69757,12.0505,unsupported,unsupported,unsupported,0.755841,unsupported,15.8054
UPE 240,240,90,7,12.5,15,30.2348,38.5157,2.79151,12,3598.79,299.899,299.899,299.899,346.889,9.66627,310.934,50.0821,111.386,50.0821,90.8454,2.84129,0,3598.79,310.934,0,0,9.66627,2.84129,15.1381,unsupported,unsupported,unsupported,0.813124,unsupported,18.7657
UPE 270,270,95,7.5,13.5,15,35.2,44.8407,2.8929,13.5,5254.51,389.223,389.223,389.223,451.088,10.8251,401.002,60.6926,138.616,60.6926,110.214,2.99045,0,5254.51,401.002,0,0,10.8251,2.99045,19.9145,unsupported,unsupported,unsupported,0.892124,unsupported,22.2282
UPE 300,300,100,9.5,15,15,44.4433,56.6157,2.88656,15,7823.19,521.546,521.546,521.546,613.351,11.755,537.652,75.5826,186.26,75.5826,136.714,3.08164,0,7823.19,537.652,0,0,11.755,3.08164,31.5232,unsupported,unsupported,unsupported,0.968124,unsupported,30.2907
UPE 330,330,105,11,16,18,53.1999,67.7706,2.89975,16.5,11007.5,667.122,667.122,667.122,791.892,12.7445,681.465,89.6635,235.008,89.6635,161.723,3.17103,0,11007.5,681.465,0,0,12.7445,3.17103,45.1845,unsupported,unsupported,unsupported,1.04255,unsupported,38.8106
UPE 360,360,110,12,17,18,61.1598,77.9106,2.97007,18,14825.4,823.634,823.634,823.634,982.346,13.7945,843.698,105.069,284.067,105.069,189.247,3.29075,0,14825.4,843.698,0,0,13.7945,3.29075,58.4949,unsupported,unsupported,unsupported,1.12055,unsupported,45.6106
UPE 400,400,115,13.5,18,18,72.1655,91.9306,2.97677,20,20980.7,1049.03,1049.03,1049.03,1262.66,15.1071,1044.72,122.573,350.958,122.573,220.836,3.37109,0,20980.7,1044.72,0,0,15.1071,3.37109,79.1351,unsupported,unsupported,unsupported,1.21755,unsupported,56.2006
