designation,h_mm,b_mm,tw_mm,tf_mm,r1_mm,r2_mm,slope_pct,x_tf_mm,mass_kg_m,A_cm2,ys_cm,zs_cm,Iy_cm4,Wel_y_cm3,Wel_y_bottom_cm3,Wel_y_top_cm3,Wpl_y_cm3,i_y_cm,Iz_cm4,Wel_z_cm3,Wel_z_left_cm3,Wel_z_right_cm3,Wpl_z_cm3,i_z_cm,Iyz_cm4,Iu_cm4,Iv_cm4,alpha_deg,tan_alpha,i_u_cm,i_v_cm,It_cm4,Wt_cm3,Iw_cm6,ym_cm,surface_m2_m
UPN 50,50,38,5,7,7,3.5,8,19,5.58812,7.11862,1.36888,2.5,26.4981,10.5992,10.5992,10.5992,12.9832,1.92934,9.09627,3.7416,6.64504,3.7416,6.89424,1.1304,0,26.4981,9.09627,0,0,1.92934,1.1304,unsupported,unsupported,unsupported,unsupported,0.229467
UPN 65,65,42,5.5,7.5,7.5,4,8,21,7.09048,9.03246,1.42405,3.25,57.5289,17.7012,17.7012,17.7012,21.4117,2.52371,13.9773,5.03514,9.81517,5.03514,9.48254,1.24397,0,57.5289,13.9773,0,0,2.52371,1.24397,unsupported,unsupported,unsupported,unsupported,0.273218
UPN 80,80,45,6,8,8,4,8,22.5,8.65337,11.0234,1.45199,4,105.93,26.4825,26.4825,26.4825,31.8983,3.09993,19.3581,6.35106,13.3321,6.35106,12.0814,1.32517,0,105.93,19.3581,0,0,3.09993,1.32517,unsupported,unsupported,unsupported,unsupported,0.313479
UPN 100,100,50,6,8.5,8.5,4.5,8,25,10.5611,13.4536,1.55066,5,205.348,41.0695,41.0695,41.0695,48.9631,3.90684,29.1483,8.45041,18.7974,8.45041,16.207,1.47193,0,205.348,29.1483,0,0,3.90684,1.47193,unsupported,unsupported,unsupported,unsupported,0.372
UPN 120,120,55,7,9,9,4.5,8,27.5,13.3349,16.9871,1.60599,6,364.329,60.7216,60.7216,60.7216,72.7018,4.63113,43.0621,11.0585,26.8135,11.0585,21.2676,1.59216,0,364.329,43.0621,0,0,4.63113,1.59216,unsupported,unsupported,unsupported,unsupported,0.42903
UPN 140,140,60,7,10,10,5,8,30,15.9903,20.3698,1.75543,7,604.814,86.4019,86.4019,86.4019,102.773,5.44901,62.4853,14.7212,35.5955,14.7212,28.3191,1.75144,0,604.814,62.4853,0,0,5.44901,1.75144,unsupported,unsupported,unsupported,unsupported,0.487196
UPN 160,160,65,7.5,10.5,10.5,5.5,8,32.5,18.8513,24.0143,1.83961,8,924.745,115.593,115.593,115.593,137.538,6.20549,85.0498,18.2495,46.2324,18.2495,35.1664,1.88192,0,924.745,85.0498,0,0,6.20549,1.88192,unsupported,unsupported,unsupported,unsupported,0.544794
UPN 180,180,70,8,11,11,5.5,8,35,21.9531,27.9657,1.92844,9,1353.91,150.434,150.434,150.434,179.115,6.95796,113.499,22.3796,58.8553,22.3796,43.0681,2.01457,0,1353.91,113.499,0,0,6.95796,2.01457,unsupported,unsupported,unsupported,unsupported,0.602747
UPN 200,200,75,8.5,11.5,11.5,6,8,37.5,25.2651,32.1849,2.01455,10,1910.9,191.09,191.09,191.09,227.753,7.70536,147.756,26.936,73.3445,26.936,51.8896,2.14263,0,1910.9,147.756,0,0,7.70536,2.14263,unsupported,unsupported,unsupported,unsupported,0.660345
UPN 220,220,80,9,12.5,12.5,6.5,8,40,29.3935,37.444,2.1448,11,2691.14,244.65,244.65,244.65,291.488,8.47769,195.881,33.4542,91.3283,33.4542,64.3775,2.28721,0,2691.14,195.881,0,0,8.47769,2.28721,unsupported,unsupported,unsupported,unsupported,0.717588
UPN 240,240,85,9.5,13,13,6.5,8,42.5,33.2108,42.3067,2.23617,12,3598.81,299.901,299.901,299.901,357.666,9.22306,247.441,39.5031,110.654,39.5031,75.9607,2.41842,0,3598.81,247.441,0,0,9.22306,2.41842,unsupported,unsupported,unsupported,unsupported,0.775541
UPN 260,260,90,10,14,14,7,8,45,37.9017,48.2825,2.36785,13,4824.2,371.092,371.092,371.092,442.407,9.99581,317.271,47.8383,133.991,47.8383,91.9102,2.56342,0,4824.2,317.271,0,0,9.99581,2.56342,unsupported,unsupported,unsupported,unsupported,0.832783
UPN 280,280,95,10,15,15,7.5,8,47.5,41.9345,53.4198,2.53261,14,6275.91,448.279,448.279,448.279,531.962,10.839,398.197,57.1515,157.228,57.1515,109.812,2.73022,0,6275.91,398.197,0,0,10.839,2.73022,unsupported,unsupported,unsupported,unsupported,0.890949
UPN 300,300,100,10,16,16,8,8,50,46.1285,58.7624,2.7005,15,8027.67,535.178,535.178,535.178,632.364,11.6881,493.151,67.5596,182.615,67.5596,129.913,2.89695,0,8027.67,493.151,0,0,11.6881,2.89695,unsupported,unsupported,unsupported,unsupported,0.949115
UPN 320,320,100,14,17.5,17.5,8.8,5,43,59.482,75.7733,2.59717,16,10868.3,679.27,679.27,679.27,825.197,11.9763,596.489,80.5757,229.669,80.5757,151.94,2.80571,0,10868.3,596.489,0,0,11.9763,2.80571,unsupported,unsupported,unsupported,unsupported,0.98354
UPN 350,350,100,14,16,16,8,5,43,60.6434,77.2528,2.3968,17.5,12844.8,733.989,733.989,733.989,899.238,12.8946,570.951,75.0934,238.214,75.0934,142.531,2.71858,0,12844.8,570.951,0,0,12.8946,2.71858,unsupported,unsupported,unsupported,unsupported,1.0453
UPN 380,380,102,13.5,16,16,8,5,44.25,63.0769,80.3528,2.38445,19,15755.4,829.229,829.229,829.229,1014.76,14.0028,615.2,78.7149,258.005,78.7149,149.12,2.76699,0,15755.4,615.2,0,0,14.0028,2.76699,unsupported,unsupported,unsupported,unsupported,1.11405
UPN 400,400,110,14,18,18,9,5,48,71.8176,91.4874,2.6775,20,20353.1,1017.65,1017.65,1017.65,1235.92,14.9154,851.103,102.265,317.873,102.265,192.645,3.05007,0,20353.1,851.103,0,0,14.9154,3.05007,unsupported,unsupported,unsupported,unsupported,1.18203
