designation,b,t,ro,ri
SHS 15x15x2,15,2,,
SHS 20x20x1.5,20,1.5,,
SHS 20x20x2,20,2,,
SHS 20x20x3,20,3,,
SHS 25x25x1.5,25,1.5,,
SHS 25x25x2,25,2,,
SHS 25x25x2.5,25,2.5,,
SHS 25x25x3,25,3,,
SHS 30x30x1.5,30,1.5,,
SHS 30x30x2,30,2,,
SHS 30x30x2.5,30,2.5,,
SHS 30x30x3,30,3,,
SHS 35x35x2,35,2,,
SHS 35x35x3,35,3,,
SHS 40x40x2,40,2,,
SHS 40x40x2.5,40,2.5,,
SHS 40x40x3,40,3,,
SHS 40x40x4,40,4,,
SHS 45x45x2,45,2,,
SHS 45x45x3,45,3,,
SHS 45x45x4,45,4,,
SHS 50x50x2,50,2,,
SHS 50x50x2.5,50,2.5,,
SHS 50x50x3,50,3,,
SHS 50x50x4,50,4,,
SHS 50x50x5,50,5,,
SHS 60x60x2,60,2,,
SHS 60x60x2.5,60,2.5,,
SHS 60x60x3,60,3,,
SHS 60x60x4,60,4,,
SHS 60x60x5,60,5,,
SHS 60x60x6,60,6,,
SHS 60x60x6.3,60,6.3,,
SHS 70x70x2,70,2,,
SHS 70x70x2.5,70,2.5,,
SHS 70x70x3,70,3,,
SHS 70x70x4,70,4,,
SHS 70x70x5,70,5,,
SHS 70x70x6,70,6,,
SHS 70x70x6.3,70,6.3,,
SHS 80x80x2,80,2,,
SHS 80x80x3,80,3,,
SHS 80x80x4,80,4,,
SHS 80x80x5,80,5,,
SHS 80x80x6,80,6,,
SHS 80x80x6.3,80,6.3,,
SHS 80x80x8,80,8,,
SHS 90x90x3,90,3,,
SHS 90x90x4,90,4,,
SHS 90x90x5,90,5,,
SHS 90x90x6,90,6,,
SHS 90x90x6.3,90,6.3,,
SHS 90x90x8,90,8,,
SHS 100x100x3,100,3,,
SHS 100x100x4,100,4,,
SHS 100x100x5,100,5,,
SHS 100x100x6,100,6,,
SHS 100x100x6.3,100,6.3,,
SHS 100x100x8,100,8,,
SHS 100x100x10,100,10,,
SHS 100x100x12,100,12,,
SHS 100x100x12.5,100,12.5,,
SHS 110x110x4,110,4,,
SHS 110x110x5,110,5,,
SHS 120x120x3,120,3,,
SHS 120x120x4,120,4,,
SHS 120x120x5,120,5,,
SHS 120x120x6,120,6,,
SHS 120x120x6.3,120,6.3,,
SHS 120x120x8,120,8,,
SHS 120x120x10,120,10,,
SHS 120x120x12,120,12,,
SHS 120x120x12.5,120,12.5,,
SHS 140x140x3,140,3,,
SHS 140x140x4,140,4,,
SHS 140x140x5,140,5,,
SHS 140x140x6,140,6,,
SHS 140x140x6.3,140,6.3,,
SHS 140x140x8,140,8,,
SHS 140x140x10,140,10,,
SHS 140x140x12,140,12,,
SHS 140x140x12.5,140,12.5,,
SHS 150x150x4,150,4,,
SHS 150x150x5,150,5,,
SHS 150x150x6,150,6,,
SHS 150x150x6.3,150,6.3,,
SHS 150x150x8,150,8,,
SHS 150x150x10,150,10,,
SHS 150x150x12,150,12,,
SHS 150x150x12.5,150,12.5,,
SHS 150x150x16,150,16,,
SHS 160x160x4,160,4,,
SHS 160x160x5,160,5,,
SHS 160x160x6,160,6,,
SHS 160x160x6.3,160,6.3,,
SHS 160x160x8,160,8,,
SHS 160x160x10,160,10,,
SHS 160x160x12,160,12,,
SHS 160x160x12.5,160,12.5,,
SHS 160x160x16,160,16,,
SHS 180x180x4,180,4,,
SHS 180x180x5,180,5,,
SHS 180x180x6,180,6,,
SHS 180x180x6.3,180,6.3,,
SHS 180x180x8,180,8,,
SHS 180x180x10,180,10,,
SHS 180x180x12,180,12,,
SHS 180x180x12.5,180,12.5,,
SHS 180x180x16,180,16,,
SHS 200x200x4,200,4,,
SHS 200x200x5,200,5,,
SHS 200x200x6,200,6,,
SHS 200x200x6.3,200,6.3,,
SHS 200x200x8,200,8,,
SHS 200x200x10,200,10,,
SHS 200x200x12,200,12,,
SHS 200x200x12.5,200,12.5,,
SHS 200x200x16,200,16,,
SHS 220x220x5,220,5,,
SHS 220x220x6,220,6,,
SHS 220x220x6.3,220,6.3,,
SHS 220x220x8,220,8,,
SHS 220x220x10,220,10,,
SHS 220x220x12,220,12,,
SHS 220x220x12.5,220,12.5,,
SHS 220x220x16,220,16,,
SHS 250x250x5,250,5,,
SHS 250x250x6,250,6,,
SHS 250x250x6.3,250,6.3,,
SHS 250x250x8,250,8,,
SHS 250x250x10,250,10,,
SHS 250x250x12,250,12,,
SHS 250x250x12.5,250,12.5,,
SHS 250x250x16,250,16,,
SHS 260x260x6,260,6,,
SHS 260x260x6.3,260,6.3,,
SHS 260x260x8,260,8,,
SHS 260x260x10,260,10,,
SHS 260x260x12,260,12,,
SHS 260x260x12.5,260,12.5,,
SHS 260x260x16,260,16,,
SHS 300x300x6,300,6,,
SHS 300x300x6.3,300,6.3,,
SHS 300x300x8,300,8,,
SHS 300x300x10,300,10,,
SHS 300x300x12,300,12,,
SHS 300x300x12.5,300,12.5,,
SHS 300x300x16,300,16,,
SHS 350x350x8,350,8,,
SHS 350x350x10,350,10,,
SHS 350x350x12,350,12,,
SHS 350x350x12.5,350,12.5,,
SHS 350x350x16,350,16,,
SHS 400x400x10,400,10,,
SHS 400x400x12,400,12,,
SHS 400x400x12.5,400,12.5,,
SHS 400x400x16,400,16,,
SHS 500x500x12.5,500,12.5,,
SHS 500x500x16,500,16,,
SHS 500x500x20,500,20,,
SHS 600x600x12.5,600,12.5,,
SHS 600x600x16,600,16,,
SHS 600x600x20,600,20,,
