designation,h,b,tw,tf,r
HEA 100,96,100,5,8,12
HEA 120,114,120,5,8,12
HEA 140,133,140,5.5,8.5,12
HEA 160,152,160,6,9,15
HEA 180,171,180,6,9.5,15
HEA 200,190,200,6.5,10,18
HEA 220,210,220,7,11,18
HEA 240,230,240,7.5,12,21
HEA 260,250,260,7.5,12.5,24
HEA 280,270,280,8,13,24
HEA 300,290,300,8.5,14,27
HEA 320,310,300,9,15.5,27
HEA 340,330,300,9.5,16.5,27
HEA 360,350,300,10,17.5,27
HEA 400,390,300,11,19,27
HEA 450,440,300,11.5,21,27
HEA 500,490,300,12,23,27
HEA 550,540,300,12.5,24,27
HEA 600,590,300,13,25,27
HEA 650,640,300,13.5,26,27
HEA 700,690,300,14.5,27,27
HEA 800,790,300,15,28,30
HEA 900,890,300,16,30,30
HEA 1000,990,300,16.5,31,30
