designation,D,t
CHS 21.3x1.5,21.3,1.5
CHS 21.3x2,21.3,2
CHS 21.3x2.3,21.3,2.3
CHS 21.3x2.5,21.3,2.5
CHS 21.3x2.9,21.3,2.9
CHS 21.3x3,21.3,3
CHS 26.9x1.5,26.9,1.5
CHS 26.9x2,26.9,2
CHS 26.9x2.3,26.9,2.3
CHS 26.9x2.5,26.9,2.5
CHS 26.9x2.6,26.9,2.6
CHS 26.9x2.9,26.9,2.9
CHS 26.9x3,26.9,3
CHS 33.7x1.5,33.7,1.5
CHS 33.7x2,33.7,2
CHS 33.7x2.3,33.7,2.3
CHS 33.7x2.5,33.7,2.5
CHS 33.7x2.9,33.7,2.9
CHS 33.7x3,33.7,3
CHS 33.7x3.2,33.7,3.2
CHS 33.7x3.6,33.7,3.6
CHS 33.7x4,33.7,4
CHS 42.4x1.5,42.4,1.5
CHS 42.4x2,42.4,2
CHS 42.4x2.3,42.4,2.3
CHS 42.4x2.5,42.4,2.5
CHS 42.4x2.6,42.4,2.6
CHS 42.4x2.9,42.4,2.9
CHS 42.4x3,42.4,3
CHS 42.4x3.2,42.4,3.2
CHS 42.4x3.25,42.4,3.25
CHS 42.4x3.6,42.4,3.6
CHS 42.4x4,42.4,4
CHS 42.4x5,42.4,5
CHS 42.4x6,42.4,6
CHS 42.4x6.3,42.4,6.3
CHS 48.3x1.5,48.3,1.5
CHS 48.3x2,48.3,2
CHS 48.3x2.3,48.3,2.3
CHS 48.3x2.5,48.3,2.5
CHS 48.3x2.9,48.3,2.9
CHS 48.3x3,48.3,3
CHS 48.3x3.2,48.3,3.2
CHS 48.3x3.6,48.3,3.6
CHS 48.3x4,48.3,4
CHS 48.3x5,48.3,5
CHS 48.3x6,48.3,6
CHS 48.3x6.3,48.3,6.3
CHS 60.3x1.5,60.3,1.5
CHS 60.3x2,60.3,2
CHS 60.3x2.3,60.3,2.3
CHS 60.3x2.5,60.3,2.5
CHS 60.3x2.9,60.3,2.9
CHS 60.3x3,60.3,3
CHS 60.3x3.2,60.3,3.2
CHS 60.3x3.6,60.3,3.6
CHS 60.3x4,60.3,4
CHS 60.3x5,60.3,5
CHS 60.3x6,60.3,6
CHS 60.3x6.3,60.3,6.3
CHS 76.1x1.5,76.1,1.5
CHS 76.1x2,76.1,2
CHS 76.1x2.3,76.1,2.3
CHS 76.1x2.5,76.1,2.5
CHS 76.1x2.9,76.1,2.9
CHS 76.1x3,76.1,3
CHS 76.1x3.2,76.1,3.2
CHS 76.1x3.6,76.1,3.6
CHS 76.1x4,76.1,4
CHS 76.1x5,76.1,5
CHS 76.1x6,76.1,6
CHS 76.1x6.3,76.1,6.3
CHS 88.9x1.5,88.9,1.5
CHS 88.9x2,88.9,2
CHS 88.9x2.3,88.9,2.3
CHS 88.9x2.5,88.9,2.5
CHS 88.9x2.9,88.9,2.9
CHS 88.9x3,88.9,3
CHS 88.9x3.2,88.9,3.2
CHS 88.9x3.6,88.9,3.6
CHS 88.9x4,88.9,4
CHS 88.9x5,88.9,5
CHS 88.9x6,88.9,6
CHS 88.9x6.3,88.9,6.3
CHS 88.9x7,88.9,7
CHS 88.9x8,88.9,8
CHS 88.9x10,88.9,10
CHS 101.6x1.5,101.6,1.5
CHS 101.6x2,101.6,2
CHS 101.6x2.3,101.6,2.3
CHS 101.6x2.5,101.6,2.5
CHS 101.6x2.9,101.6,2.9
CHS 101.6x3,101.6,3
CHS 101.6x3.2,101.6,3.2
CHS 101.6x3.6,101.6,3.6
CHS 101.6x4,101.6,4
CHS 101.6x5,101.6,5
CHS 101.6x6,101.6,6
CHS 101.6x6.3,101.6,6.3
CHS 101.6x7,101.6,7
CHS 101.6x8,101.6,8
CHS 101.6x10,101.6,10
CHS 114.3x1.5,114.3,1.5
CHS 114.3x2,114.3,2
CHS 114.3x2.3,114.3,2.3
CHS 114.3x2.5,114.3,2.5
CHS 114.3x2.9,114.3,2.9
CHS 114.3x3,114.3,3
CHS 114.3x3.2,114.3,3.2
CHS 114.3x3.6,114.3,3.6
CHS 114.3x4,114.3,4
CHS 114.3x5,114.3,5
CHS 114.3x6,114.3,6
CHS 114.3x6.3,114.3,6.3
CHS 114.3x7,114.3,7
CHS 114.3x8,114.3,8
CHS 114.3x10,114.3,10
CHS 139.7x2,139.7,2
CHS 139.7x2.3,139.7,2.3
CHS 139.7x2.5,139.7,2.5
CHS 139.7x2.9,139.7,2.9
CHS 139.7x3,139.7,3
CHS 139.7x3.2,139.7,3.2
CHS 139.7x3.6,139.7,3.6
CHS 139.7x4,139.7,4
CHS 139.7x5,139.7,5
CHS 139.7x6,139.7,6
CHS 139.7x6.3,139.7,6.3
CHS 139.7x7,139.7,7
CHS 139.7x8,139.7,8
CHS 139.7x10,139.7,10
CHS 139.7x12.5,139.7,12.5
CHS 168.3x2.5,168.3,2.5
CHS 168.3x2.9,168.3,2.9
CHS 168.3x3,168.3,3
CHS 168.3x3.2,168.3,3.2
CHS 168.3x3.6,168.3,3.6
CHS 168.3x4,168.3,4
CHS 168.3x5,168.3,5
CHS 168.3x6,168.3,6
CHS 168.3x6.3,168.3,6.3
CHS 168.3x7,168.3,7
CHS 168.3x8,168.3,8
CHS 168.3x10,168.3,10
CHS 168.3x12.5,168.3,12.5
CHS 177.8x3,177.8,3
CHS 177.8x3.2,177.8,3.2
CHS 177.8x3.6,177.8,3.6
CHS 177.8x4,177.8,4
CHS 177.8x5,177.8,5
CHS 177.8x6,177.8,6
CHS 177.8x6.3,177.8,6.3
CHS 177.8x7,177.8,7
CHS 177.8x8,177.8,8
CHS 177.8x10,177.8,10
CHS 193.7x3,193.7,3
CHS 193.7x3.2,193.7,3.2
CHS 193.7x3.6,193.7,3.6
CHS 193.7x4,193.7,4
CHS 193.7x5,193.7,5
CHS 193.7x5.6,193.7,5.6
CHS 193.7x6,193.7,6
CHS 193.7x6.3,193.7,6.3
CHS 193.7x7,193.7,7
CHS 193.7x8,193.7,8
CHS 193.7x10,193.7,10
CHS 193.7x12.5,193.7,12.5
CHS 219.1x3,219.1,3
CHS 219.1x3.2,219.1,3.2
CHS 219.1x3.6,219.1,3.6
CHS 219.1x4,219.1,4
CHS 219.1x5,219.1,5
CHS 219.1x6,219.1,6
CHS 219.1x6.3,219.1,6.3
CHS 219.1x7,219.1,7
CHS 219.1x8,219.1,8
CHS 219.1x10,219.1,10
CHS 219.1x12.5,219.1,12.5
CHS 244.5x4,244.5,4
CHS 244.5x5,244.5,5
CHS 244.5x6,244.5,6
CHS 244.5x6.3,244.5,6.3
CHS 244.5x7,244.5,7
CHS 244.5x8,244.5,8
CHS 244.5x10,244.5,10
CHS 244.5x12.5,244.5,12.5
CHS 273x4,273,4
CHS 273x5,273,5
CHS 273x6,273,6
CHS 273x6.3,273,6.3
CHS 273x7,273,7
CHS 273x8,273,8
CHS 273x10,273,10
CHS 273x12.5,273,12.5
CHS 323.9x4,323.9,4
CHS 323.9x5,323.9,5
CHS 323.9x6,323.9,6
CHS 323.9x6.3,323.9,6.3
CHS 323.9x7,323.9,7
CHS 323.9x8,323.9,8
CHS 323.9x10,323.9,10
CHS 323.9x12.5,323.9,12.5
CHS 323.9x14.2,323.9,14.2
CHS 323.9x16,323.9,16
CHS 355.6x5,355.6,5
CHS 355.6x6,355.6,6
CHS 355.6x6.3,355.6,6.3
CHS 355.6x7,355.6,7
CHS 355.6x8,355.6,8
CHS 355.6x10,355.6,10
CHS 355.6x12.5,355.6,12.5
CHS 355.6x14.2,355.6,14.2
CHS 355.6x16,355.6,16
CHS 406.4x5,406.4,5
CHS 406.4x6,406.4,6
CHS 406.4x6.3,406.4,6.3
CHS 406.4x7,406.4,7
CHS 406.4x8,406.4,8
CHS 406.4x10,406.4,10
CHS 406.4x12.5,406.4,12.5
CHS 406.4x14.2,406.4,14.2
CHS 406.4x16,406.4,16
CHS 457x6.3,457,6.3
CHS 457x7,457,7
CHS 457x8,457,8
CHS 457x10,457,10
CHS 508x6.3,508,6.3
CHS 508x7,508,7
CHS 508x8,508,8
CHS 508x10,508,10
